lote,folio,nombre,categoria,calidad,base_clp,garantia_clp,salto_clp,aduana,almacen,cierre,descripcion
2,05-39-0222-0002,BIDONES DE ACEITE LUBRICANTE,Otros,Nueva,734000,146800,146800,Aduana de San Antonio,Sitrans Almacenes Extraportuarios LTDA. (San Antonio),2026-10-14 14:00,"1 (uno) pallet con el total de 120(ciento veinte) bidones de 10(diez) lts, en 60(sesenta) cajas de cartón, cada una con 2(dos) bidones de aceite lubricante para motores diesel, marca viper, api ck-4 15w-40 acea e9/sintético hasta 50.000 kms,fecha vencimiento dic./2026 origen china, procedencia China. Peso documental:1116 kb prorrateado conforme a peso documental indicado en papeleta de recepción .Almacenista: Sitrans, dirección: Bernando O""higgins N° 2767, Barrancas San Antonio. EN EL ESTADO Y CONDICIONES QUE SE PRESENTAN."
4,05-39-0224-0004,SET DE GAMERS,Art. Computación,Nueva,403000,80600,80600,Aduana de San Antonio,Seaport S.A.,2026-10-14 14:00,"1(uno) pallet con 16(diez y seis)cajas de cartón conteniendo cada una 4(cuatro) set de gamers (audífono con micrófono incorporado ­teclado ­mouse), totalizando 64(sesenta y cuatro)piezas, Cód. Atm2021ag, Origen China, procedencia China, peso documental: 181,76 kb prorrateado conforme a peso documental. Almacenista: Seaport, dirección: Ruta g-86, aguas buenas, N° 6729. EN EL ESTADO Y CONDICIONES QUE SE PRESENTAN."
5,05-39-0225-0005,SET DE GAMERS,Art. Computación,Nueva,403000,80600,80600,Aduana de San Antonio,Seaport S.A.,2026-10-14 14:00,"1(uno) pallet con 16(diez y seis)cajas de cartón conteniendo cada una 4(cuatro) set de gamers (audífono con micrófono incorporado-­teclado y ­mouse), totalizando 64(sesenta y cuatro)piezas, Cód. Atm2021ag, Origen China, procedencia China, peso documental: 181,76 kb prorrateado conforme a peso documental indicado en papeleta de recepción. Almacenista: Seaport, dirección: ruta g-86, Aguas Buenas, N° 6729. EN EL ESTADO Y CONDICIONES QUE SE PRESENTAN."
6,05-39-0226-0006,SET DE GAMERS,Art. Computación,Nueva,403000,80600,80600,Aduana de San Antonio,Seaport S.A.,2026-10-14 14:00,"1(uno) pallet con 16(diez y seis)cajas de cartón conteniendo cada una 4(cuatro) set de gamers ( audífono con micrófono incorporado ­teclado y ­mouse), totalizando 64(sesenta y cuatro)piezas, Cód. Atm2021ag. Origen China, Procedencia China, peso documental: 181,76 kb prorrateado conforme a peso documental. Nº papeleta recepción. Almacenista: Seaport, dirección: Ruta g-86, Aguas Buenas, N° 6729. EN EL ESTADO Y CONDICIONES QUE SE PRESENTAN."
8,05-39-0228-0008,SET DE GAMERS,Art. Computación,Nueva,403000,80600,80600,Aduana de San Antonio,Seaport S.A.,2026-10-14 14:00,"1(uno) pallet con 16(diez y seis)cajas de cartón conteniendo cada una 4(cuatro) set de gamers ( audífono con micrófono incorporado, ­teclado y ­mouse), totalizando 64(sesenta y cuatro)piezas, Cód. Atm2021ag, Origen China, procedencia China, peso documental: 181,76 kb prorrateado conforme a peso documental. Nº papeleta recepción. Almacenista: Seaport, dirección: ruta g-86, Aguas Buenas, N° 6729. EN EL ESTADO Y CONDICIONES QUE SE PRESENTAN."
9,05-39-0229-0009,SET DE GAMERS,Art. Computación,Nueva,403000,80600,80600,Aduana de San Antonio,Seaport S.A.,2026-10-14 14:00,"1(uno) pallet con 16(diez y seis)cajas de cartón conteniendo cada una 4(cuatro) set de gamers ( audífono con micrófono incorporado­, teclado y ­mouse), totalizando 64(sesenta y cuatro)piezas, Cód. Atm2021ag, Origen China, procedencia China, peso documental: 181,76 kb prorrateado conforme a peso documental. N° papeleta recepción. Almacenista: Seaport, dirección: ruta g-86, Aguas Buenas, N° 6729. EN EL ESTADO Y CONDICIONES QUE SE PRESENTAN."
21,05-39-0237-0021,VINOS,Vinos,Nueva,54000,10800,10800,Aduana de San Antonio,Puerto Columbo S.A. (San Antonio),2026-10-14 14:00,"3 (tres) cajas de cartón conteniendo 36 (treinta y seis) unidades de botellas en total de vino marca rincón del sol chardonnay año 2019, 750 ml cada una, 13% de alcohol cada caja con 12(doce) botellas c/u, para su proceso de comercialización en el mercado nacional, deberán cumplir con las exigencias establecidas en el articulo n°40 bis de la ley n°19.925 y ley 21.363 sobre etiquetado. Origen Argentina, procedencia Argentina, peso documental: 45 kb, Nº papeleta recepción. Almacenista: Puerto Columbo, Dirección: Ruta 78, # 2375, Barrio Industrial San Antonio – Chile, Afecta a Impuesto Adicional 20.5%. EN EL ESTADO Y CONDICIONES QUE SE PRESENTAN."
24,05-39-0240-0024,FOCOS DELANTERO LADO IZQUIERDO MARCA DEPO,Repuestos,Nueva,114000,22800,22800,Aduana de San Antonio,San Antonio Terminal Internacional S.A.,2026-10-14 14:00,"20 (veinte) cajas de cartón en total conteniendo cada caja 1(uno) foco delantero lado izquierdo , código 215-11h2l-ld replacement for vrsa 15 marca / depo auto lamp. Origen Taiwan, procedencia Taiwan, peso documental: 107,6 kb prorrateado conforme a peso documental indicado en papeleta de recepción, Almacenista: Sti, Dirección: Recintos Intraportuarios - Sti, Puerto de San Antonio. EN EL ESTADO Y CONDICIONES QUE SE PRESENTAN."
25,05-39-0241-0025,JARRAS DE VIDRIO,Otros,Nueva,320000,64000,64000,Aduana de San Antonio,"Agunsa Extraportuario S.A. ""AEXSA""",2026-10-14 14:00,"1080(mil ochenta) jarras de vidrio, en 90(noventa) cajas de cartón , cada caja con 12(doce) unidades cada una. marca wapi con tapa plástica. Origen China, procedencia China, peso documental: 954 kg prorrateado conforme a peso documental indicado en papeleta de recepción. Almacenista: Aexsa, dirección: Ruta 86 N° 4085, Barrio Industrial, San Antonio, Chile. EN EL ESTADO Y CONDICIONES QUE SE PRESENTAN."
26,05-39-0242-0026,JARRAS DE VIDRIO,Otros,Nueva,320000,64000,64000,Aduana de San Antonio,"Agunsa Extraportuario S.A. ""AEXSA""",2026-10-14 14:00,"1080(mil ochenta) jarras de vidrio, en 90(noventa) cajas de cartón , cada caja con 12(doce) unidades cada una ,marca wapi con tapa plástica, Origen China, procedencia China, peso documental: 954 kg prorrateado conforme a peso documental indicado en papeleta de recepción. Almacenista: Aexsa, dirección: ruta 86 N° 4085, Barrio Industrial, San Antonio, Chile. EN EL ESTADO Y CONDICIONES QUE SE PRESENTAN."
27,05-39-0243-0027,JARRAS DE VIDRIO,Otros,Nueva,320000,64000,64000,Aduana de San Antonio,"Agunsa Extraportuario S.A. ""AEXSA""",2026-10-14 14:00,"1080(mil ochenta) jarras de vidrio, en 90(noventa) cajas de cartón , cada caja con 12(doce) unidades cada una ,marca wapi con tapa plástica. Origen China, procedencia China, peso documental: 954 kg prorrateado conforme a peso documental indicado en papeleta de recepción. Almacenista: Aexsa, dirección: Ruta 86 N° 4085, Barrio Industrial, San Antonio, Chile. EN EL ESTADO Y CONDICIONES QUE SE PRESENTAN."
28,05-39-0244-0028,JARRAS DE VIDRIO,Otros,Nueva,320000,64000,64000,Aduana de San Antonio,"Agunsa Extraportuario S.A. ""AEXSA""",2026-10-14 14:00,"1080(mil ochenta) jarras de vidrio, en 90(noventa) cajas de cartón , cada caja con 12(doce) unidades cada una ,marca wapi con tapa plástica. Origen China, procedencia China, peso documental: 954 kg prorrateado conforme a peso documental indicado en papeleta de recepción. Almacenista: Aexsa, dirección: Ruta 86 N° 4085, Barrio Industrial, San Antonio, Chile. EN EL ESTADO Y CONDICIONES QUE SE PRESENTAN."
29,05-39-0245-0029,JARRAS DE VIDRIO,Otros,Nueva,320000,64000,64000,Aduana de San Antonio,"Agunsa Extraportuario S.A. ""AEXSA""",2026-10-14 14:00,"1080(mil ochenta) jarras de vidrio, en 90(noventa) cajas de cartón , cada caja con 12(doce) unidades cada una ,marca wapi con tapa plástica. Origen China, procedencia China, peso documental:954 kg prorrateado conforme a peso documental indicado en papeleta de recepción. Almacenista: Aexsa, Dirección: ruta 86 N° 4085, Barrio Industrial, San Antonio, Chile. EN EL ESTADO Y CONDICIONES QUE SE PRESENTAN."
30,05-39-0246-0030,JARRAS DE VIDRIO,Otros,Nueva,320000,64000,64000,Aduana de San Antonio,"Agunsa Extraportuario S.A. ""AEXSA""",2026-10-14 14:00,"1080(mil ochenta) jarras de vidrio, en 90(noventa) cajas de cartón , cada caja con 12(doce) unidades cada una, marca wapi con tapa plástica. Origen China, procedencia China, peso documental:954 kg prorrateado conforme a peso documental indicado en papeleta de recepción. Almacenista: Aexsa, Dirección: ruta 86 N° 4085, Barrio Industrial, San Antonio, Chile, subasta 5/2026. EN EL ESTADO Y CONDICIONES QUE SE PRESENTAN."
31,05-39-0247-0031,JARRAS DE VIDRIO,Otros,Nueva,320000,64000,64000,Aduana de San Antonio,"Agunsa Extraportuario S.A. ""AEXSA""",2026-10-14 14:00,"1080(mil ochenta) jarras de vidrio, en 90(noventa) cajas de cartón , cada caja con 12(doce) unidades cada una, marca wapi con tapa plástica. Origen China, procedencia China, peso documental:954 kg prorrateado conforme a peso documental indicado en papeleta de recepción. Almacenista: Aexsa, Dirección: ruta 86 N° 4085, Barrio Industrial, San Antonio, Chile. EN EL ESTADO Y CONDICIONES QUE SE PRESENTAN."
32,05-39-0248-0032,JARRAS DE VIDRIO,Otros,Nueva,320000,64000,64000,Aduana de San Antonio,"Agunsa Extraportuario S.A. ""AEXSA""",2026-10-14 14:00,"1080(mil ochenta) jarras de vidrio, en 90(noventa) cajas de cartón , cada caja con 12(doce) unidades cada una,marca wapi con tapa plástica. Origen China, procedencia China, peso documental:954 kg prorrateado conforme a peso documental indicado en papeleta de recepción. Almacenista: Aexsa, Dirección: ruta 86 N° 4085, Barrio Industrial, San Antonio, Chile. EN EL ESTADO Y CONDICIONES QUE SE PRESENTAN."
33,05-39-0249-0033,JARRAS DE VIDRIO,Otros,Nueva,320000,64000,64000,Aduana de San Antonio,"Agunsa Extraportuario S.A. ""AEXSA""",2026-10-14 14:00,"1080(mil ochenta) jarras de vidrio, en 90(noventa) cajas de cartón , cada caja con 12(doce) unidades cada una ,marca wapi con tapa plástica. Origen China, procedencia China, peso documental:954 kg prorrateado conforme a peso documental indicado en papeleta de recepción. Almacenista: Aexsa, Dirección: ruta 86 N° 4085, Barrio Industrial, San Antonio, Chile. EN EL ESTADO Y CONDICIONES QUE SE PRESENTAN."
35,05-39-0251-0035,JARRAS DE VIDRIO,Otros,Nueva,320000,64000,64000,Aduana de San Antonio,"Agunsa Extraportuario S.A. ""AEXSA""",2026-10-14 14:00,"1080(mil ochenta) jarras de vidrio, en 90(noventa) cajas de cartón , cada caja con 12(doce) unidades cada una, marca wapi con tapa plástica. Origen China, procedencia China, peso documental:954 kg prorrateado. Nº papeleta recepción. Almacenista: Aexsa, Dirección: Ruta 86 N° 4085, Barrio Industrial, San Antonio, Chile. EN EL ESTADO Y CONDICIONES QUE SE PRESENTAN."
37,05-39-0253-0037,JARRAS DE VIDRIO,Otros,Nueva,320000,64000,64000,Aduana de San Antonio,"Agunsa Extraportuario S.A. ""AEXSA""",2026-10-14 14:00,"1080(mil ochenta) jarras de vidrio, en 90(noventa) cajas de cartón , cada caja con 12(doce) unidades cada una, marca wapi con tapa plástica. Origen China, procedencia China, peso documental:954 kg prorrateado. Nº papeleta recepción. Almacenista: Aexsa, Dirección: Ruta 86 N° 4085, Barrio Industrial, San Antonio, Chile. EN EL ESTADO Y CONDICIONES QUE SE PRESENTAN."
40,05-39-0256-0040,JARRAS DE VIDRIO,Otros,Nueva,320000,64000,64000,Aduana de San Antonio,"Agunsa Extraportuario S.A. ""AEXSA""",2026-10-14 14:00,"1080(mil ochenta) jarras de vidrio, en 90(noventa) cajas de cartón , cada caja con 12(doce) unidades cada una ,marca wapi con tapa plástica, Origen China, procedencia China, peso documental: 954 kg prorrateado. Nº papeleta recepción. Almacenista: Aexsa, Dirección: ruta 86 N° 4085, Barrio Industrial, San Antonio, Chile. EN EL ESTADO Y CONDICIONES QUE SE PRESENTAN."
41,05-39-0257-0041,JARRAS DE VIDRIO,Otros,Nueva,320000,64000,64000,Aduana de San Antonio,"Agunsa Extraportuario S.A. ""AEXSA""",2026-10-14 14:00,"1080(mil ochenta) jarras de vidrio, en 90(noventa) cajas de cartón , cada caja con 12(doce) unidades cada una ,marca wapi con tapa plástica, Origen China, procedencia China, peso documental: 954 kb prorrateado conforme a peso documental indicado en papeleta de recepción. Almacenista: Aexsa, Dirección: ruta 86 n° 4085, Barrio Industrial, San Antonio, Chile. EN EL ESTADO Y CONDICIONES QUE SE PRESENTAN."
42,05-39-0258-0042,JARRAS DE VIDRIO,Otros,Nueva,320000,64000,64000,Aduana de San Antonio,"Agunsa Extraportuario S.A. ""AEXSA""",2026-10-14 14:00,"1080(mil ochenta) jarras de vidrio, en 90(noventa) cajas de cartón , cada caja con 12(doce) unidades cada una ,marca wapi con tapa plástica, Origen China, procedencia China, peso documental: 954 kb prorrateado conforme a peso documental indicado en papeleta de recepción, Almacenista: Aaexsa, Dirección: ruta 86 n° 4085, Barrio Industrial, San Antonio, Chile. EN EL ESTADO Y CONDICIONES QUE SE PRESENTAN."
43,05-39-0259-0043,JARRAS DE VIDRIO,Otros,Nueva,320000,64000,64000,Aduana de San Antonio,"Agunsa Extraportuario S.A. ""AEXSA""",2026-10-14 14:00,"1080(mil ochenta) jarras de vidrio, en 90(noventa) cajas de cartón , cada caja con 12(doce) unidades cada una ,marca wapi con tapa plástica, Origen China, procedencia China, peso documental: 954 kb prorrateado conforme a peso documental. Almacenista: Aexsa, Dirección: ruta 86 N° 4085, Barrio Industrial, San Antonio, Chile. EN EL ESTADO Y CONDICIONES QUE SE PRESENTAN."
44,05-39-0260-0044,JARRAS DE VIDRIO,Otros,Nueva,320000,64000,64000,Aduana de San Antonio,"Agunsa Extraportuario S.A. ""AEXSA""",2026-10-14 14:00,"1080(mil ochenta) jarras de vidrio, en 90(noventa) cajas de cartón , cada caja con 12(doce) unidades cada una ,marca wapi con tapa plástica, origen China, procedencia China, peso documental: 954 kg prorrateado. Almacenista: Aexsa, Dirección: Ruta 86 N° 4085, Barrio Industrial, San Antonio, Chile. EN EL ESTADO Y CONDICIONES QUE SE PRESENTAN."
45,05-39-0261-0045,JARRAS DE VIDRIO,Otros,Nueva,320000,64000,64000,Aduana de San Antonio,"Agunsa Extraportuario S.A. ""AEXSA""",2026-10-14 14:00,"1080(mil ochenta) jarras de vidrio, en 90(noventa) cajas de cartón , cada caja con 12(doce) unidades cada una ,marca wapi con tapa plástica, Origen China, procedencia China, peso documental: 954 kb prorrateado. Almacenista: Aexsa, Dirección: Ruta 86 N° 4085, Barrio Industrial, San Antonio, Chile. EN EL ESTADO Y CONDICIONES QUE SE PRESENTAN."
46,05-39-0262-0046,JARRAS DE VIDRIO,Otros,Nueva,238000,47600,47600,Aduana de San Antonio,"Agunsa Extraportuario S.A. ""AEXSA""",2026-10-14 14:00,"804(ochocientos cuatro) jarras de vidrio, en 67(sesenta y siete) cajas de cartón , cada caja con 12(doce) unidades cada una ,marca wapi con tapa plástica, 22(veinte y dos) cajas con embalaje en regulares condiciones, Origen China, procedencia China, peso documental: 710,2 kb prorrateado. Nº papeleta recepción. Almacenista: Aexsa, dirección: ruta 86 N° 4085, Barrio Industrial, San Antonio, Chile. EN EL ESTADO Y CONDICIONES QUE SE PRESENTAN."
48,05-39-0264-0048,VINOS,Vinos,Nueva,161000,32200,32200,Aduana de San Antonio,"Agunsa Extraportuario S.A. ""AEXSA""",2026-10-14 14:00,"9 (nueve) cajas de cartón conteniendo cada una 4 (cuatro) unidades de vino tinto, totalizando 36(treinta y seis) botellas, marca casa boher gran corte , año 2020, 750 ml. Cada una, 14,4% de alcohol, para su proceso de comercialización en el mercado nacional, deberán cumplir con las exigencias establecidas en el articulo n°40 bis de la ley n°19.925 y ley 21.363 sobre etiquetado, Origen Argentina, procedencia Argentina, peso documental: 67,5 kb prorrateado conforme a peso documental indicado en papeleta de recepción. Afecta a impuesto adicional 20,5%, Almacenista: Aexsa, Dirección: Ruta 86 N° 4085, Barrio Industrial, San Antonio, Chile. EN EL ESTADO Y CONDICIONES QUE SE PRESENTAN."
49,05-39-0265-0049,VINOS,Vinos,Nueva,161000,32200,32200,Aduana de San Antonio,"Agunsa Extraportuario S.A. ""AEXSA""",2026-10-14 14:00,"9(nueve) cajas de cartón conteniendo cada una 4 (cuatro) unidades de vino tinto, totalizando 36(treinta y seis) botellas, marca casa boher gran corte, año 2020, 750 ml. Cada una, 14,4% de alcohol, para su proceso de comercialización en el mercado nacional, deberán cumplir con las exigencias establecidas en el articulo n°40 bis de la ley n°19.925 y ley 21.363 sobre etiquetado, Origen Argentina, procedencia Argentina, peso documental: 67,5 kb prorrateado conforme a peso documental indicado en papeleta de recepción. Afecta a Impuesto Adicional 20,5%, Almacenista Aexsa, dirección: Ruta 86 N° 4085, Barrio Industrial, San Antonio, Chile. EN EL ESTADO Y CONDICIONES QUE SE PRESENTAN."
50,05-39-0266-0050,VINOS,Vinos,Nueva,161000,32200,32200,Aduana de San Antonio,"Agunsa Extraportuario S.A. ""AEXSA""",2026-10-14 14:00,"9(nueve) cajas de cartón conteniendo cada una 4 (cuatro) unidades de vino tinto, totalizando 36(treinta y seis) botellas, marca casa boher gran corte, año 2020, 750 ml. Cada una, 14,4% de alcohol, para su proceso de comercialización en el mercado nacional, deberán cumplir con las exigencias establecidas en el articulo n°40 bis de la ley n°19.925 y ley 21.363 sobre etiquetado, Origen Argentina, procedencia Argentina, peso documental: 67,5 kb prorrateado conforme a peso documental indicado en papeleta de recepción. Afecto a Impuesto Adicional 20,5%, , Almacenista: Aexsa, Dirección: Ruta 86 N° 4085, Barrio Industrial, San Antonio, Chile. EN EL ESTADO Y CONDICIONES QUE SE PRESENTAN."
51,05-39-0267-0051,VINOS,Vinos,Nueva,161000,32200,32200,Aduana de San Antonio,"Agunsa Extraportuario S.A. ""AEXSA""",2026-10-14 14:00,"9(nueve) cajas de cartón conteniendo cada una 4 (cuatro) unidades de vino tinto, totalizando 36(treinta y seis) botellas, marca casa boher gran corte año 2020, 750 ml. Cada una, 14,4% de alcohol, para su proceso de comercialización en el mercado nacional, deberán cumplir con las exigencias establecidas en el articulo n°40 bis de la ley n°19.925 y ley 21.363 sobre etiquetado, Origen Argentina, procedencia Argentina, peso documental: 67,5 kb prorrateado conforme a peso documental indicado en papeleta de recepción . Afecto a Impuesto Adicional 20,5%, Almacenista: Aexsa, Dirección: ruta 86 N° 4085, Barrio Industrial, San Antonio, Chile. EN EL ESTADO Y CONDICIONES QUE SE PRESENTAN."
53,05-39-0269-0053,VINOS,Vinos,Nueva,161000,32200,32200,Aduana de San Antonio,"Agunsa Extraportuario S.A. ""AEXSA""",2026-10-14 14:00,"9(nueve) cajas de cartón conteniendo cada una 4 (cuatro) unidades de vino tinto, totalizando 36(treinta y seis) botellas, marca casa boher gran corte, año 2020, 750 ml. Cada una, 14,4% de alcohol, para su proceso de comercialización en el mercado nacional, deberán cumplir con las exigencias establecidas en el articulo n°40 bis de la ley n°19.925 y ley 21.363 sobre etiquetado, Origen Argentina, procedencia Argentina, peso documental: 67,5 kb prorrateado conforme a peso documental indicado en papeleta de recepción. Afecto a Impuesto Adicional 20,5%, Almacenista: Aexsa, Dirección: ruta 86 N° 4085, Barrio Industrial, San Antonio, Chile. EN EL ESTADO Y CONDICIONES QUE SE PRESENTAN."
54,05-39-0270-0054,VINOS,Vinos,Nueva,161000,32200,32200,Aduana de San Antonio,"Agunsa Extraportuario S.A. ""AEXSA""",2026-10-14 14:00,"9(nueve) cajas de cartón conteniendo cada una 4 (cuatro) unidades de vino tinto, totalizando 36(treinta y seis) botellas, marca casa boher gran corte, año 2020, 750 ml. Cada una, 14,4% de alcohol, para su proceso de comercialización en el mercado nacional, deberán cumplir con las exigencias establecidas en el articulo n°40 bis de la ley n°19.925 y ley 21.363 sobre etiquetado, Origen Argentina, procedencia Argentina, peso documental: 67,5 kb prorrateado conforme a peso documental indicado en papeleta de recepción. Afecto a Impuesto Adicional 20,5%, Almacenista: Aexsa, Dirección: Ruta 86° 4085, Barrio Industrial, San Antonio, Chile. EN EL ESTADO Y CONDICIONES QUE SE PRESENTAN."
55,05-39-0271-0055,VINOS,Vinos,Nueva,161000,32200,32200,Aduana de San Antonio,"Agunsa Extraportuario S.A. ""AEXSA""",2026-10-14 14:00,"9(nueve) cajas de cartón conteniendo cada una 4 (cuatro) unidades de vino tinto, totalizando 36(treinta y seis) botellas, marca casa boher gran corte , año 2020, 750 ml. Cada una, 14,4% de alcohol, para su proceso de comercialización en el mercado nacional, deberán cumplir con las exigencias establecidas en el articulo n°40 bis de la ley n°19.925 y ley 21.363 sobre etiquetado, Origen Argentina, procedencia Argentina, peso documental: 67,5 kb prorrateado conforme a peso documental indicado en papeleta de recepción. Afecto a Impuesto Adicional 20,5%, Almacenista: Aexsa, Dirección: Ruta 86 N° 4085, Barrio Industrial, San Antonio, Chile. EN EL ESTADO Y CONDICIONES QUE SE PRESENTAN."
56,05-39-0272-0056,VINOS,Vinos,Nueva,161000,32200,32200,Aduana de San Antonio,"Agunsa Extraportuario S.A. ""AEXSA""",2026-10-14 14:00,"9(nueve) cajas de cartón conteniendo cada una 4 (cuatro) unidades de vino tinto, totalizando 36(treinta y seis) botellas, marca casa boher gran corte, año 2020, 750 ml. Cada una, 14,4% de alcohol, para su proceso de comercialización en el mercado nacional, deberán cumplir con las exigencias establecidas en el articulo n°40 bis de la ley n°19.925 y ley 21.363 sobre etiquetado, Origen Argentina, procedencia Argentina, peso documental: 67,5 kb prorrateado conforme a peso documental indicado en papeleta de recepción. Afecto a Impuesto Adicional 20,5%, Almacenista: Aexsa, Dirección: Ruta 86 N° 4085, Barrio Industrial, San Antonio, Chile. EN EL ESTADO Y CONDICIONES QUE SE PRESENTAN."
57,05-39-0273-0057,VINOS,Vinos,Nueva,161000,32200,32200,Aduana de San Antonio,"Agunsa Extraportuario S.A. ""AEXSA""",2026-10-14 14:00,"9(nueve) cajas de cartón conteniendo cada una 4 (cuatro) unidades de vino tinto, totalizando 36(treinta y seis) botellas, marca casa boher gran corte, año 2020, 750 ml. Cada una, 14,4% de alcohol, para su proceso de comercialización en el mercado nacional, deberán cumplir con las exigencias establecidas en el articulo n°40 bis de la ley n°19.925 y ley 21.363 sobre etiquetado, Origen Argentina, procedencia Argentina, peso documental: 67,5 kb prorrateado conforme a peso documental indicado en papeleta de recepción. Afecto a Impuesto Adicional 20,5%, Almacenista: Aexsa, Dirección: Ruta 86 N° 4085, Barrio Industrial, San Antonio, Chile. EN EL ESTADO Y CONDICIONES QUE SE PRESENTAN."
58,05-39-0274-0058,VINOS,Vinos,Nueva,161000,32200,32200,Aduana de San Antonio,"Agunsa Extraportuario S.A. ""AEXSA""",2026-10-14 14:00,"9(nueve) cajas de cartón conteniendo cada una 4 (cuatro) unidades de vino tinto, totalizando 36(treinta y seis) botellas, marca casa boher gran corte , año 2020, 750 ml. Cada una, 14,4% de alcohol, para su proceso de comercialización en el mercado nacional, deberán cumplir con las exigencias establecidas en el articulo n°40 bis de la ley n°19.925 y ley 21.363 sobre etiquetado, Origen Argentina, procedencia Argentina, peso documental: 67,5 kb prorrateado conforme a peso documental indicado en papeleta de recepción. Afecto a Impuesto Adicional 20,5%, Almacenista: Aexsa, Dirección: Ruta 86 N° 4085, Barrio Industrial, San Antonio, Chile. EN EL ESTADO Y CONDICIONES QUE SE PRESENTAN."
59,05-39-0275-0059,VINOS,Vinos,Nueva,161000,32200,32200,Aduana de San Antonio,"Agunsa Extraportuario S.A. ""AEXSA""",2026-10-14 14:00,"9(nueve) cajas de cartón conteniendo cada una 4 (cuatro) unidades de vino tinto, totalizando 36(treinta y seis) botellas, marca casa boher gran corte, año 2020, 750 ml. Cada una, 14,4% de alcohol, para su proceso de comercialización en el mercado nacional, deberán cumplir con las exigencias establecidas en el articulo n°40 bis de la ley n°19.925 y ley 21.363 sobre etiquetado, Origen Argentina, procedencia Argentina, peso documental: 67,5 kb prorrateado conforme a peso documental indicado en papeleta de recepción. Afecto a Impuesto Adicional 20,5%, Almacenista: Aexsa, Dirección: Ruta 86 N° 4085, Barrio Industrial, San Antonio, Chile. EN EL ESTADO Y CONDICIONES QUE SE PRESENTAN."
60,05-39-0276-0060,VINOS,Vinos,Nueva,161000,32200,32200,Aduana de San Antonio,"Agunsa Extraportuario S.A. ""AEXSA""",2026-10-14 14:00,"9(nueve) cajas de cartón conteniendo cada una 4 (cuatro) unidades de vino tinto, totalizando 36(treinta y seis) botellas, marca casa boher gran corte, año 2020, 750 ml. Cada una, 14,4% de alcohol, para su proceso de comercialización en el mercado nacional, deberán cumplir con las exigencias establecidas en el articulo n°40 bis de la ley n°19.925 y ley 21.363 sobre etiquetado, Origen Argentina, procedencia Argentina, peso documental: 67,5 kb prorrateado conforme a peso documental indicado en papeleta de recepción. Afecto a Impuesto Adicional 20,5%, Almacenista: Aexsa, Dirección: Ruta 86 N° 4085, Barrio Industrial, San Antonio, Chile. EN EL ESTADO Y CONDICIONES QUE SE PRESENTAN."
61,05-39-0277-0061,VINOS,Vinos,Nueva,161000,32200,32200,Aduana de San Antonio,"Agunsa Extraportuario S.A. ""AEXSA""",2026-10-14 14:00,"9(nueve) cajas de cartón conteniendo cada una 4 (cuatro) unidades de vino tinto, totalizando 36(treinta y seis) botellas, marca casa boher gran corte año 2020, 750 ml. Cada una, 14,4% de alcohol, para su proceso de comercialización en el mercado nacional, deberán cumplir con las exigencias establecidas en el articulo n°40 bis de la ley n°19.925 y ley 21.363 sobre etiquetado, origen Argentina, procedencia Argentina, peso documental: 67,5 kb prorrateado conforme a peso documental indicado en papeleta de recepción. Afecto a impuesto adicional 20,5%. EN EL ESTADO Y CONDICIONES QUE SE PRESENTAN."
62,05-39-0278-0062,VINOS,Vinos,Nueva,161000,32200,32200,Aduana de San Antonio,"Agunsa Extraportuario S.A. ""AEXSA""",2026-10-14 14:00,"9(nueve) cajas de cartón conteniendo cada una 4 (cuatro) unidades de vino tinto, totalizando 36(treinta y seis) botellas, marca casa boher gran corte año 2020, 750 ml. Cada una, 14,4% de alcohol, para su proceso de comercialización en el mercado nacional, deberán cumplir con las exigencias establecidas en el articulo n°40 bis de la ley n°19.925 y ley 21.363 sobre etiquetado, Origen Argentina, procedencia Argentina, peso documental: 67,5 kb prorrateado conforme a peso documental indicado en papeleta de recepción. Afecto a Impuesto Adicional 20,5%, Almacenista: Aexsa, Dirección: Ruta 86 N° 4085, Barrio Industrial, San Antonio, Chile. EN EL ESTADO Y CONDICIONES QUE SE PRESENTAN."
63,05-39-0279-0063,VINOS,Vinos,Nueva,161000,32200,32200,Aduana de San Antonio,"Agunsa Extraportuario S.A. ""AEXSA""",2026-10-14 14:00,"9(nueve) cajas de cartón conteniendo cada una 4 (cuatro) unidades de vino tinto, totalizando 36(treinta y seis) botellas, marca casa boher gran corte año 2020, 750 ml. Cada una, 14,4% de alcohol, para su proceso de comercialización en el mercado nacional, deberán cumplir con las exigencias establecidas en el articulo n°40 bis de la ley n°19.925 y ley 21.363 sobre etiquetado, Origen Argentina, procedencia Argentina, peso documental: 67,5 kb prorrateado conforme a peso documental indicado en papeleta de recepción . Afecto a Impuesto Adicional 20,5%, Almacenista: Aexsa, Dirección: ruta 86 N° 4085, Barrio Industrial, San Antonio, Chile. EN EL ESTADO Y CONDICIONES QUE SE PRESENTAN."
64,05-39-0280-0064,VINOS,Vinos,Nueva,161000,32200,32200,Aduana de San Antonio,"Agunsa Extraportuario S.A. ""AEXSA""",2026-10-14 14:00,"9(nueve) cajas de cartón conteniendo cada una 4 (cuatro) unidades de vino tinto, totalizando 36(treinta y seis) botellas, marca casa boher gran corte año 2020, 750 ml. Cada una, 14,4% de alcohol, para su proceso de comercialización en el mercado nacional, deberán cumplir con las exigencias establecidas en el articulo n°40 bis de la ley n°19.925 y ley 21.363 sobre etiquetado, Origen Argentina, procedencia Argentina, peso documental: 67,5 kb prorrateado conforme a peso documental indicado en papeleta de recepción. Afecto a Impuesto Adicional 20,5%, Almacenista: Aexsa, Dirección: ruta 86 n° 4085, Barrio Industrial, San Antonio, Chile. EN EL ESTADO Y CONDICIONES QUE SE PRESENTAN."
65,05-39-0281-0065,VINOS,Vinos,Nueva,161000,32200,32200,Aduana de San Antonio,"Agunsa Extraportuario S.A. ""AEXSA""",2026-10-14 14:00,"9(nueve) cajas de cartón conteniendo cada una 4 (cuatro) unidades de vino tinto, totalizando 36(treinta y seis) botellas, marca casa boher gran corte año 2020, 750 ml. Cada una, 14,4% de alcohol, para su proceso de comercialización en el mercado nacional, deberán cumplir con las exigencias establecidas en el articulo n°40 bis de la ley n°19.925 y ley 21.363 sobre etiquetado, Origen Argentina, procedencia Argentina, peso documental: 67,5 kb prorrateado conforme a peso documental indicado en papeleta de recepción. Afecto a impuesto adicional 20,5%, Almacenista: Aexsa, Dirección: Ruta 86 N° 4085, Barrio Industrial, San Antonio, Chile. EN EL ESTADO Y CONDICIONES QUE SE PRESENTAN."
66,05-39-0282-0066,VINOS,Vinos,Nueva,161000,32200,32200,Aduana de San Antonio,"Agunsa Extraportuario S.A. ""AEXSA""",2026-10-14 14:00,"9(nueve) cajas de cartón conteniendo cada una 4 (cuatro) unidades de vino tinto, totalizando 36(treinta y seis) botellas, marca casa boher gran corte año 2020, 750 ml. Cada una, 14,4% de alcohol, para su proceso de comercialización en el mercado nacional, deberán cumplir con las exigencias establecidas en el articulo n°40 bis de la ley n°19.925 y ley 21.363 sobre etiquetado, Origen Argentina, procedencia Argentina, peso documental: 67,5 kb prorrateado. Afecto a Impuesto Adicional 20,5%. Almacenista: Aexsa, Dirección: Ruta 86 N° 4085, Barrio Industrial, San Antonio, Chile. EN EL ESTADO Y CONDICIONES QUE SE PRESENTAN."
67,05-39-0283-0067,VINOS,Vinos,Nueva,161000,32200,32200,Aduana de San Antonio,"Agunsa Extraportuario S.A. ""AEXSA""",2026-10-14 14:00,"9(nueve) cajas de cartón conteniendo cada una 4 (cuatro) unidades de vino tinto, totalizando 36(treinta y seis) botellas, marca casa boher gran corte año 2020, 750 ml. Cada una, 14,4% de alcohol, ; para su proceso de comercialización en el mercado nacional, deberán cumplir con las exigencias establecidas en el articulo n°40 bis de la ley n°19.925 y ley 21.363 sobre etiquetado, Origen Argentina, procedencia Argentina, peso documental:67,5 kb prorrateado. Afecto a Impuesto Adicional 20,5%. Almacenista: Aexsa, Dirección: ruta 86 N° 4085, Barrio Industrial, San Antonio, Chile. EN EL ESTADO Y CONDICIONES QUE SE PRESENTAN."
68,05-39-0284-0068,VINOS,Vinos,Nueva,161000,32200,32200,Aduana de San Antonio,"Agunsa Extraportuario S.A. ""AEXSA""",2026-10-14 14:00,"9(nueve) cajas de cartón conteniendo cada una 4 (cuatro) unidades de vino tinto, totalizando 36(treinta y seis) botellas, marca casa boher gran corte año 2020, 750 ml. Cada una, 14,4% de alcohol, ; para su proceso de comercialización en el mercado nacional, deberán cumplir con las exigencias establecidas en el articulo n°40 bis de la ley n°19.925 y ley 21.363 sobre etiquetado, Origen Argentina, procedencia Argentina, peso documental:67,5 kb prorrateado. Nº papeleta recepción. Afecto a Impuesto Adicional 20,5%. Almacenista: Aexsa, Dirección: Ruta 86 N° 4085, Barrio Industrial, San Antonio, Chile. EN EL ESTADO Y CONDICIONES QUE SE PRESENTAN."
69,05-39-0285-0069,VINOS,Vinos,Nueva,161000,32200,32200,Aduana de San Antonio,"Agunsa Extraportuario S.A. ""AEXSA""",2026-10-14 15:00,"9(nueve) cajas de cartón conteniendo cada una 4 (cuatro) unidades de vino tinto, totalizando 36(treinta y seis) botellas, marca casa boher gran corte año 2020, 750 ml. Cada una, 14,4% de alcohol, ; para su proceso de comercialización en el mercado nacional, deberán cumplir con las exigencias establecidas en el articulo n°40 bis de la ley n°19.925 y ley 21.363 sobre etiquetado, Origen Argentina, procedencia Argentina, peso documental:67,5 kb prorrateado. Nº papeleta recepción . Afecto a Impuesto adicional 20,5%. Almacenista: Aexsa, Dirección: Ruta 86 N° 4085, Barrio Industrial, San Antonio, Chile. EN EL ESTADO Y CONDICIONES QUE SE PRESENTAN."
70,05-39-0286-0070,VINOS,Vinos,Nueva,161000,32200,32200,Aduana de San Antonio,"Agunsa Extraportuario S.A. ""AEXSA""",2026-10-14 15:00,"9(nueve) cajas de cartón conteniendo cada una 4 (cuatro) unidades de vino tinto, totalizando 36(treinta y seis) botellas, marca casa boher gran corte año 2020, 750 ml. Cada una, 14,4% de alcohol, ; para su proceso de comercialización en el mercado nacional, deberán cumplir con las exigencias establecidas en el articulo n°40 bis de la ley n°19.925 y ley 21.363 sobre etiquetado, Origen Argentina, procedencia Argentina, peso documental:67,5 kb prorrateado. Almacenista: Aexsa, Dirección: Ruta 86 n° 4085, Barrio Industrial, San Antonio, Chile . Afecto a Impuesto Adicional 20,5%. EN EL ESTADO Y CONDICIONES QUE SE PRESENTAN."
71,05-39-0287-0071,VINOS,Vinos,Nueva,161000,32200,32200,Aduana de San Antonio,"Agunsa Extraportuario S.A. ""AEXSA""",2026-10-14 15:00,"9(nueve) cajas de cartón conteniendo cada una 4 (cuatro) unidades de vino tinto, totalizando 36(treinta y seis) botellas, marca casa boher gran corte año 2020, 750 ml. Cada una, 14,4% de alcohol, ; para su proceso de comercialización en el mercado nacional, deberán cumplir con las exigencias establecidas en el articulo n°40 bis de la ley n°19.925 y ley 21.363 sobre etiquetado, Origen Argentina, Procedencia Argentina, peso documental:67,5 kb prorrateado. Nº papeleta recepción .Afecto a Impuesto Adicional 20,5%. Almacenista: Aexsa, Dirección: Ruta 86 N° 4085, Barrio Industrial, San Antonio, Chile. EN EL ESTADO Y CONDICIONES QUE SE PRESENTAN."
72,05-39-0288-0072,VINOS,Vinos,Nueva,161000,32200,32200,Aduana de San Antonio,"Agunsa Extraportuario S.A. ""AEXSA""",2026-10-14 15:00,"9(nueve) cajas de cartón conteniendo cada una 4 (cuatro) unidades de vino tinto, totalizando 36(treinta y seis) botellas, marca casa boher gran corte año 2020, 750 ml. Cada una, 14,4% de alcohol, ; para su proceso de comercialización en el mercado nacional, deberán cumplir con las exigencias establecidas en el articulo n°40 bis de la ley n°19.925 y ley 21.363 sobre etiquetado, Origen Argentina, procedencia Argentina, peso documental:67,5 kb Prorrateado. Nº papeleta recepción . Afecto a Impuesto Adicional 20,5%. Almacenista: Aexsa, Dirección: Ruta 86 N° 4085, Barrio Industrial, San Antonio, Chile. EN EL ESTADO Y CONDICIONES QUE SE PRESENTAN."
73,05-39-0289-0073,VINOS,Vinos,Nueva,161000,32200,32200,Aduana de San Antonio,"Agunsa Extraportuario S.A. ""AEXSA""",2026-10-14 15:00,"9(nueve) cajas de cartón conteniendo cada una 4 (cuatro) unidades de vino tinto, totalizando 36(treinta y seis) botellas, marca casa boher gran corte año 2020, 750 ml. Cada una, 14,4% de alcohol, ; para su proceso de comercialización en el mercado nacional, deberán cumplir con las exigencias establecidas en el articulo n°40 bis de la ley n°19.925 y ley 21.363 sobre etiquetado, Origen Argentina, procedencia Argentina, peso documental:67,5 kb prorrateado. Nº papeleta recepción. Afecto a Impuesto Adicional 20,5%. Almacenista: Aexsa, Dirección: Ruta 86 N° 4085, Barrio Industrial, San Antonio, Chile. EN EL ESTADO Y CONDICIONES QUE SE PRESENTAN."
74,05-39-0290-0074,VINOS,Vinos,Nueva,161000,32200,32200,Aduana de San Antonio,"Agunsa Extraportuario S.A. ""AEXSA""",2026-10-14 15:00,"9(nueve) cajas de cartón conteniendo cada una 4 (cuatro) unidades de vino tinto, totalizando 36(treinta y seis) botellas, marca casa boher gran corte año 2020, 750 ml. Cada una, 14,4% de alcohol, ; para su proceso de comercialización en el mercado nacional, deberán cumplir con las exigencias establecidas en el articulo n°40 bis de la ley n°19.925 y ley 21.363 sobre etiquetado, Origen Argentina, procedencia Argentina, peso documental:67,5 kb prorrateado. Nº papeleta recepción. Afecto a impuesto adicional 20,5%. Almacenista: Aexsa, Dirección: Ruta 86 N° 4085, Barrio Industrial, San Antonio, Chile. EN EL ESTADO Y CONDICIONES QUE SE PRESENTAN."
75,05-39-0291-0075,VINOS,Vinos,Nueva,161000,32200,32200,Aduana de San Antonio,"Agunsa Extraportuario S.A. ""AEXSA""",2026-10-14 15:00,"9(nueve) cajas de cartón conteniendo cada una 4 (cuatro) unidades de vino tinto, totalizando 36(treinta y seis) botellas, marca casa boher gran corte año 2020, 750 ml. Cada una, 14,4% de alcohol, ; para su proceso de comercialización en el mercado nacional, deberán cumplir con las exigencias establecidas en el articulo n°40 bis de la ley n°19.925 y ley 21.363 sobre etiquetado, Origen Argentina, procedencia Argentina, peso documental:67,5 kb prorrateado. Nº papeleta recepción. Afecto a impuesto adicional 20,5%. Almacenista: Aexsa, Dirección: Ruta 86 N° 4085, Barrio Industrial, San Antonio, Chile. EN EL ESTADO Y CONDICIONES QUE SE PRESENTAN."
76,05-39-0292-0076,VINOS,Vinos,Nueva,161000,32200,32200,Aduana de San Antonio,"Agunsa Extraportuario S.A. ""AEXSA""",2026-10-14 15:00,"9(nueve) cajas de cartón conteniendo cada una 4 (cuatro) unidades de vino tinto, totalizando 36(treinta y seis) botellas, marca casa boher gran corte año 2020, 750 ml. Cada una, 14,4% de alcohol, ; para su proceso de comercialización en el mercado nacional, deberán cumplir con las exigencias establecidas en el articulo n°40 bis de la ley n°19.925 y ley 21.363 sobre etiquetado, Origen Argentina, procedencia Argentina, peso documental:67,5 kb prorrateado. Nº papeleta recepción. Afecto a Impuesto Adicional 20,5%. Almacenista: Aexsa, Dirección: Ruta 86 N° 4085, Barrio Industrial, San Antonio, Chile. EN EL ESTADO Y CONDICIONES QUE SE PRESENTAN."
77,05-39-0293-0077,VINOS,Vinos,Nueva,161000,32200,32200,Aduana de San Antonio,"Agunsa Extraportuario S.A. ""AEXSA""",2026-10-14 15:00,"9(nueve) cajas de cartón conteniendo cada una 4 (cuatro) unidades de vino tinto, totalizando 36(treinta y seis) botellas, marca casa boher gran corte año 2020, 750 ml. Cada una, 14,4% de alcohol, ; para su proceso de comercialización en el mercado nacional, deberán cumplir con las exigencias establecidas en el articulo n°40 bis de la ley n°19.925 y ley 21.363 sobre etiquetado, Origen Argentina, procedencia Argentina, peso documental:67,5 kb prorrateado. Nº papeleta recepción. Afecto a impuesto adicional 20,5%. Almacenista: Aexsa, Dirección: Ruta 86 N° 4085, Barrio Industrial, San Antonio, Chile. EN EL ESTADO Y CONDICIONES QUE SE PRESENTAN."
78,05-39-0294-0078,VINOS,Vinos,Nueva,161000,32200,32200,Aduana de San Antonio,"Agunsa Extraportuario S.A. ""AEXSA""",2026-10-14 15:00,"9(nueve) cajas de cartón conteniendo cada una 4 (cuatro) unidades de vino tinto, totalizando 36(treinta y seis) botellas, marca casa boher gran corte año 2020, 750 ml. Cada una, 14,4% de alcohol, ; para su proceso de comercialización en el mercado nacional, deberán cumplir con las exigencias establecidas en el articulo n°40 bis de la ley n°19.925 y ley 21.363 sobre etiquetado, Origen Argentina, procedencia Argentina, peso documental:67,5 kb prorrateado. Nº papeleta recepción. Afecto a Impuesto Adicional 20,5%. Almacenista: Aexsa, Dirección: Ruta 86 N° 4085, Barrio Industrial, San Antonio, Chile. EN EL ESTADO Y CONDICIONES QUE SE PRESENTAN."
80,05-39-0296-0080,VINOS,Vinos,Nueva,161000,32200,32200,Aduana de San Antonio,"Agunsa Extraportuario S.A. ""AEXSA""",2026-10-14 15:00,"9(nueve) cajas de cartón conteniendo cada una 4 (cuatro) unidades de vino tinto, totalizando 36(treinta y seis) botellas, marca casa boher gran corte año 2020, 750 ml. Cada una, 14,4% de alcohol, para su proceso de comercialización en el mercado nacional, deberán cumplir con las exigencias establecidas en el articulo n°40 bis de la ley n°19.925 y ley 21.363 sobre etiquetado, Origen Argentina, procedencia Argentina, peso documental:67,5 kb prorrateado conforme a peso documental. Nº papeleta recepción .Afecto a Impuesto Adicional 20,5%. Almacenista: Aexsa, Dirección: Ruta 86 N° 4085, Barrio industrial, San Antonio, Chile. EN EL ESTADO Y CONDICIONES QUE SE PRESENTAN."
81,05-39-0297-0081,VINOS,Vinos,Nueva,161000,32200,32200,Aduana de San Antonio,"Agunsa Extraportuario S.A. ""AEXSA""",2026-10-14 15:00,"9(nueve) cajas de cartón conteniendo cada una 4 (cuatro) unidades de vino tinto, totalizando 36(treinta y seis) botellas, marca casa boher gran corte año 2020, 750 ml. Cada una, 14,4% de alcohol, ; para su proceso de comercialización en el mercado nacional, deberán cumplir con las exigencias establecidas en el articulo n°40 bis de la ley n°19.925 y ley 21.363 sobre etiquetado, Origen Argentina, procedencia Argentina, peso documental:67,5 kb prorrateado conforme a peso documental. Nº papeleta recepción. Afecto a impuesto adicional 20,5%. Almacenista: Aexsa, Dirección: Ruta 86 N° 4085, Barrio Industrial, San Antonio, Chile. EN EL ESTADO Y CONDICIONES QUE SE PRESENTAN."
83,05-39-0298-0083,VINOS,Vinos,Nueva,161000,32200,32200,Aduana de San Antonio,"Agunsa Extraportuario S.A. ""AEXSA""",2026-10-14 15:00,"9(nueve) cajas de cartón conteniendo cada una 4 (cuatro) unidades de vino tinto, totalizando 36(treinta y seis) botellas, marca casa boher gran corte año 2020, 750 ml. Cada una, 14,4% de alcohol; para su proceso de comercialización en el mercado nacional, deberán cumplir con las exigencias establecidas en el articulo n°40 bis de la ley n°19.925 y ley 21.363 sobre etiquetado, Origen Argentina, procedencia Argentina, peso documental:67,5 kb prorrateado conforme a peso documental. Nº papeleta recepción. Afecto a impuesto adicional 20,5%. Almacenista: Aexsa, Dirección: ruta 86 n° 4085, Barrio Industrial, San Antonio. Chile. EN EL ESTADO Y CONDICIONES QUE SE PRESENTAN."
84,05-39-0299-0084,VINOS,Vinos,Nueva,161000,32200,32200,Aduana de San Antonio,"Agunsa Extraportuario S.A. ""AEXSA""",2026-10-14 15:00,"9(nueve) cajas de cartón conteniendo cada una 4 (cuatro) unidades de vino tinto, totalizando 36(treinta y seis) botellas, marca casa boher gran corte año 2020, 750 ml. Cada una, 14,4% de alcohol; para su proceso de comercialización en el mercado nacional, deberán cumplir con las exigencias establecidas en el articulo n°40 bis de la ley n°19.925 y ley 21.363 sobre etiquetado, Origen Argentina, procedencia Argentina, peso documental:67,5 kb prorrateado conforme a peso documental. Nº papeleta recepción. Afecto a Impuesto Adicional 20,5%. Almacenista: Aexsa, Dirección: ruta 86 N° 4085, Barrio Industrial, San Antonio, Chile. EN EL ESTADO Y CONDICIONES QUE SE PRESENTAN."
85,05-39-0300-0085,VINOS,Vinos,Nueva,161000,32200,32200,Aduana de San Antonio,"Agunsa Extraportuario S.A. ""AEXSA""",2026-10-14 15:00,"9(nueve) cajas de cartón conteniendo cada una 4 (cuatro) unidades de vino tinto, totalizando 36(treinta y seis) botellas, marca casa boher gran corte año 2020, 750 ml. Cada una, 14,4% de alcohol; para su proceso de comercialización en el mercado nacional, deberán cumplir con las exigencias establecidas en el articulo n°40 bis de la ley n°19.925 y ley 21.363 sobre etiquetado, Origen Argentina, procedencia Argentina, peso documental:67,5 kb prorrateado conforme a peso documental. Nº papeleta recepción. Afecto a impuesto adicional 20,5%.Almacenista: Aexsa, Dirección: ruta 86 N° 4085, Barrio Industrial, San Antonio, Chile . EN EL ESTADO Y CONDICIONES QUE SE PRESENTAN."
86,05-39-0301-0086,VINOS,Vinos,Nueva,161000,32200,32200,Aduana de San Antonio,"Agunsa Extraportuario S.A. ""AEXSA""",2026-10-14 15:00,"9(nueve) cajas de cartón conteniendo cada una 4 (cuatro) unidades de vino tinto, totalizando 36(treinta y seis) botellas, marca casa boher gran corte año 2020, 750 ml. Cada una, 14,4% de alcohol; para su proceso de comercialización en el mercado nacional, deberán cumplir con las exigencias establecidas en el articulo n°40 bis de la ley n°19.925 y ley 21.363 sobre etiquetado, Origen Argentina, procedencia Argentina, peso documental:67,5 kb prorrateado conforme a peso documental. Nº papeleta recepción. Afecto a impuesto adicional 20,5%. Almacenista: Aexsa, Dirección: Ruta 86 N° 4085, Barrio Industrial, San Antonio, Chile. EN EL ESTADO Y CONDICIONES QUE SE PRESENTAN."
87,05-39-0302-0087,VINOS,Vinos,Nueva,161000,32200,32200,Aduana de San Antonio,"Agunsa Extraportuario S.A. ""AEXSA""",2026-10-14 15:00,"9(nueve) cajas de cartón conteniendo cada una 4 (cuatro) unidades de vino tinto, totalizando 36(treinta y seis) botellas, marca casa boher gran corte año 2020, 750 ml. Cada una, 14,4% de alcohol, ; para su proceso de comercialización en el mercado nacional, deberán cumplir con las exigencias establecidas en el articulo n°40 bis de la ley n°19.925 y ley 21.363 sobre etiquetado, Origen Argentina, procedencia Argentina, peso documental:67,5 kb prorrateado conforme a peso documental. Nº papeleta recepción. Afecto a impuesto adicional 20,5%. Almacenista: Aexsa, Dirección: Ruta 86 N° 4085, Barrio Industrial, San Antonio, Chile. EN EL ESTADO Y CONDICIONES QUE SE PRESENTAN."
88,05-39-0303-0088,VINOS,Vinos,Nueva,161000,32200,32200,Aduana de San Antonio,"Agunsa Extraportuario S.A. ""AEXSA""",2026-10-14 15:00,"9(nueve) cajas de cartón conteniendo cada una 4 (cuatro) unidades de vino tinto, totalizando 36(treinta y seis) botellas, marca casa boher gran corte año 2020, 750 ml. Cada una, 14,4% de alcohol; para su proceso de comercialización en el mercado nacional, deberán cumplir con las exigencias establecidas en el articulo n°40 bis de la ley n°19.925 y ley 21.363 sobre etiquetado, Origen Argentina, procedencia Argentina, peso documental:67,5 kb prorrateado conforme a peso documental. Nº papeleta recepción,Afecto a impuesto adicional 20,5%. Almacenista: Aexsa, Dirección: Ruta 86 N° 4085, Barrio Industrial, San Antonio, Chile. . EN EL ESTADO Y CONDICIONES QUE SE PRESENTAN."
89,05-39-0304-0089,VINOS,Vinos,Nueva,161000,32200,32200,Aduana de San Antonio,"Agunsa Extraportuario S.A. ""AEXSA""",2026-10-14 15:00,"9(nueve) cajas de cartón conteniendo cada una 4 (cuatro) unidades de vino tinto, totalizando 36(treinta y seis) botellas, marca casa boher gran corte año 2020, 750 ml. Cada una, 14,4% de alcohol, ; para su proceso de comercialización en el mercado nacional, deberán cumplir con las exigencias establecidas en el articulo n°40 bis de la ley n°19.925 y ley 21.363 sobre etiquetado, Origen Argentina, procedencia Argentina, peso documental:67,5 kb prorrateado conforme a peso documental. Nº papeleta recepción Afecto a impuesto adicional 20,5%. Almacenista: Aexsa, Dirección: Ruta 86 N° 4085, Barrio Industrial, San Antonio, Chile.. EN EL ESTADO Y CONDICIONES QUE SE PRESENTAN."
90,05-39-0305-0090,VINOS,Vinos,Nueva,161000,32200,32200,Aduana de San Antonio,"Agunsa Extraportuario S.A. ""AEXSA""",2026-10-14 15:00,"9(nueve) cajas de cartón conteniendo cada una 4 (cuatro) unidades de vino tinto, totalizando 36(treinta y seis) botellas, marca casa boher gran corte año 2020, 750 ml. Cada una, 14,4% de alcohol, ; para su proceso de comercialización en el mercado nacional, deberán cumplir con las exigencias establecidas en el articulo n°40 bis de la ley n°19.925 y ley 21.363 sobre etiquetado, Origen Argentina, procedencia Argentina, peso documental:67,5 kb prorrateado conforme a peso documental. Nº papeleta recepción. Afecto a impuesto adicional 20,5%. Almacenista: Aexsa, dirección: Ruta 86 N° 4085, Barrio Industrial, San Antonio, Chile. EN EL ESTADO Y CONDICIONES QUE SE PRESENTAN."
91,05-39-0306-0091,VINOS,Vinos,Nueva,161000,32200,32200,Aduana de San Antonio,"Agunsa Extraportuario S.A. ""AEXSA""",2026-10-14 15:00,"9(nueve) cajas de cartón conteniendo cada una 4 (cuatro) unidades de vino tinto, totalizando 36(treinta y seis) botellas, marca casa boher gran corte año 2020, 750 ml. Cada una, 14,4% de alcohol; para su proceso de comercialización en el mercado nacional, deberán cumplir con las exigencias establecidas en el articulo n°40 bis de la ley n°19.925 y ley 21.363 sobre etiquetado, Origen Argentina, procedencia Argentina, peso documental:67,5 kb prorrateado conforme a peso documental. Nº papeleta recepción. Afecto a impuesto adicional 20,5%. Almacenista: Aexsa, Dirección: Ruta 86 N° 4085, Barrio Industrial, San Antonio, Chile. EN EL ESTADO Y CONDICIONES QUE SE PRESENTAN."
93,05-39-0308-0093,VINOS,Vinos,Nueva,161000,32200,32200,Aduana de San Antonio,"Agunsa Extraportuario S.A. ""AEXSA""",2026-10-14 15:00,"9(nueve) cajas de cartón conteniendo cada una 4 (cuatro) unidades de vino tinto, totalizando 36(treinta y seis) botellas, marca casa boher gran corte año 2020, 750 ml. Cada una, 14,4% de alcohol; para su proceso de comercialización en el mercado nacional, deberán cumplir con las exigencias establecidas en el articulo n°40 bis de la ley n°19.925 y ley 21.363 sobre etiquetado, Origen Argentina, procedencia Argentina, peso documental: 67,5 kb prorrateado conforme a peso documental. Afecto impuesto adicional 20,5%. Almacenista: Aexsa, Dirección: ruta 86 N° 4085, Barrio Industrial, San Antonio, Chile. EN EL ESTADO Y CONDICIONES QUE SE PRESENTAN."
94,05-39-0309-0094,VINOS,Vinos,Nueva,161000,32200,32200,Aduana de San Antonio,"Agunsa Extraportuario S.A. ""AEXSA""",2026-10-14 15:00,"9(nueve) cajas de cartón conteniendo cada una 4 (cuatro) unidades de vino tinto, totalizando 36(treinta y seis) botellas, marca casa boher gran corte año 2020, 750 ml. Cada una, 14,4% de alcohol ; para su proceso de comercialización en el mercado nacional, deberán cumplir con las exigencias establecidas en el articulo n°40 bis de la ley n°19.925 y ley 21.363 sobre etiquetado, Origen Argentina, procedencia Argentina, peso documental: 67,5 kb prorrateado conforme a peso documental. Afecto a impuesto adicional 20,5%, Almacenista: Aexsa, Dirección: Ruta 86 N° 4085, Barrio Industrial, San Antonio -Chile. EN EL ESTADO Y CONDICIONES QUE SE PRESENTAN."
95,05-39-0310-0095,VINOS,Vinos,Nueva,161000,32200,32200,Aduana de San Antonio,"Agunsa Extraportuario S.A. ""AEXSA""",2026-10-14 15:00,"9(nueve) cajas de cartón conteniendo cada una 4 (cuatro) unidades de vino tinto, totalizando 36(treinta y seis) botellas, marca casa boher gran corte año 2020, 750 ml. Cada una, 14,4% de alcohol ; para su proceso de comercialización en el mercado nacional, deberán cumplir con las exigencias establecidas en el articulo n°40 bis de la ley n°19.925 y ley 21.363 sobre etiquetado, Origen Argentina, procedencia Argentina, peso documental: 67,5 kb prorrateado. Conforme a peso documental indicado en papeleta de recepción. Afecto a impuesto adicional 20,5%, Almacenista: Aexsa, Dirección: Ruta 86 N° 4085, Barrio Industrial, San Antonio, Chile. EN EL ESTADO Y CONDICIONES QUE SE PRESENTAN."
100,05-39-0313-0100,BIOMBOS,Otros,Nueva,411000,82200,82200,Aduana de San Antonio,Puerto Columbo S.A. (San Antonio),2026-10-14 15:00,"10(diez) sacos cada uno contiene 5(cinco) piezas, totalizando 50 (cincuenta) biombos de madera, cada biombo mide 180 cm de alto por 180 cm de ancho, compuesto por 4(cuatro) paneles de 45 cm cada uno. Biombos en diferentes colores. Origen China, procedencia China, peso documental: 235 kb prorrateado conforme a peso documental. Nº papeleta recepción. Almacén: Puerto Columbo, Dirección: Ruta 78, # 2375, Barrio Industrial San Antonio – Chile. EN EL ESTADO Y CONDICIONES QUE SE PRESENTAN."
101,05-39-0314-0101,BIOMBOS,Otros,Nueva,411000,82200,82200,Aduana de San Antonio,Puerto Columbo S.A. (San Antonio),2026-10-14 15:00,"10(diez) sacos cada uno contiene 5(cinco) piezas, totalizando 50 (cincuenta) biombos de madera, cada biombo mide 180 cm de alto por 180 cm de ancho, compuesto por 4(cuatro) paneles de 45 cm cada uno. Biombos en diferentes colores. Origen China, procedencia China, peso documental: 235 kb prorrateado conforme a peso documental. Almacén: Puerto Columbo, Dirección: Ruta 78, # 2375, Barrio Industrial San Antonio – Chile. EN EL ESTADO Y CONDICIONES QUE SE PRESENTAN."
102,05-39-0315-0102,BIOMBOS,Otros,Nueva,411000,82200,82200,Aduana de San Antonio,Puerto Columbo S.A. (San Antonio),2026-10-14 15:00,"10(diez) sacos cada uno contiene 5(cinco) piezas, totalizando 50 (cincuenta) biombos de madera, cada biombo mide 180 cm de alto por 180 cm de ancho, compuesto por 4(cuatro) paneles de 45 cm cada uno. Biombos en diferentes colores, Origen China, procedencia China, peso documental: 235 kb prorrateado conforme a peso documental. , Almacén: Puerto Columbo, Dirección: Ruta 78, # 2375, Barrio Industrial San Antonio – Chile. EN EL ESTADO Y CONDICIONES QUE SE PRESENTAN."
103,05-39-0316-0103,BIOMBOS,Otros,Nueva,411000,82200,82200,Aduana de San Antonio,Puerto Columbo S.A. (San Antonio),2026-10-14 15:00,"10(diez) sacos cada uno contiene 5(cinco) piezas, totalizando 50 (cincuenta) biombos de madera, cada biombo mide 180 cm de alto por 180 cm de ancho, compuesto por 4(cuatro) paneles de 45 cm cada uno. Biombos en diferentes colores. Origen China, procedencia China, peso documental: 235 kb prorrateado conforme a peso documental. Almacén: Puerto Columbo, Dirección: ruta 78, # 2375, Barrio Industrial San Antonio – Chile. EN EL ESTADO Y CONDICIONES QUE SE PRESENTAN."
104,05-39-0317-0104,BIOMBOS,Otros,Nueva,411000,82200,82200,Aduana de San Antonio,Puerto Columbo S.A. (San Antonio),2026-10-14 15:00,"10(diez) sacos cada uno contiene 5(cinco) piezas, totalizando 50 (cincuenta) biombos de madera, cada biombo mide 180 cm de alto por 180 cm de ancho, compuesto por 4(cuatro) paneles de 45 cm cada uno. Biombos en diferentes colores. Origen China, procedencia China, peso documental: 235 kb prorrateado conforme a peso documental indicado en papeleta de recepción. Almacén: Puerto Columbo, Dirección: Ruta 78, # 2375, Barrio Industrial San Antonio – Chile. EN EL ESTADO Y CONDICIONES QUE SE PRESENTAN."
105,05-39-0318-0105,BIOMBOS,Otros,Nueva,411000,82200,82200,Aduana de San Antonio,Puerto Columbo S.A. (San Antonio),2026-10-14 15:00,"10(diez) sacos cada uno contiene 5(cinco) piezas, totalizando 50 (cincuenta) biombos de madera, cada biombo mide 180 cm de alto por 180 cm de ancho, compuesto por 4(cuatro) paneles de 45 cm cada uno. Biombos en diferentes colores. Origen China, procedencia China, peso documental: 235 kb prorrateado conforme a peso documental indicado en papeleta de recepción. Almacén: Puerto Columbo, Dirección: Ruta 78, # 2375, Barrio Industrial San Antonio – Chile. EN EL ESTADO Y CONDICIONES QUE SE PRESENTAN."
106,05-39-0319-0106,BIOMBOS,Otros,Nueva,411000,82200,82200,Aduana de San Antonio,Puerto Columbo S.A. (San Antonio),2026-10-14 15:00,"10(diez) sacos cada uno contiene 5(cinco) piezas, totalizando 50 (cincuenta) biombos de madera, cada biombo mide 180 cm de alto por 180 cm de ancho, compuesto por 4(cuatro) paneles de 45 cm cada uno. Biombos en diferentes colores. Origen China, procedencia China, peso documental: 235 kb prorrateado conforme a peso documental. Almacén: Puerto Columbo, Dirección: ruta 78, # 2375, Barrio Industrial San Antonio – Chile. EN EL ESTADO Y CONDICIONES QUE SE PRESENTAN."
107,05-39-0320-0107,BIOMBOS,Otros,Nueva,411000,82200,82200,Aduana de San Antonio,Puerto Columbo S.A. (San Antonio),2026-10-14 15:00,"10(diez) sacos cada uno contiene 5(cinco) piezas, totalizando 50 (cincuenta) biombos de madera, cada biombo mide 180 cm de alto por 180 cm de ancho, compuesto por 4(cuatro) paneles de 45 cm cada uno. Biombos en diferentes colores. Origen china, procedencia China, peso documental: 235 kb prorrateado conforme a peso documental indicado en papeleta de recepción. Almacén: Puerto Columbo, Dirección: Ruta 78, # 2375, Barrio Industrial San Antonio – Chile. EN EL ESTADO Y CONDICIONES QUE SE PRESENTAN."
108,05-39-0321-0108,BIOMBOS,Otros,Nueva,411000,82200,82200,Aduana de San Antonio,Puerto Columbo S.A. (San Antonio),2026-10-14 15:00,"10(diez) sacos cada uno contiene 5(cinco) piezas, totalizando 50 (cincuenta) biombos de madera, cada biombo mide 180 cm de alto por 180 cm de ancho, compuesto por 4(cuatro) paneles de 45 cm cada uno. Biombos en diferentes colores. Origen China, procedencia China, peso documental: 235 kb prorrateado conforme a peso documental indicado en papeleta de recepción. Almacén: Puerto Columbo, Dirección: Ruta 78, # 2375, Barrio Industrial San Antonio – Chile. EN EL ESTADO Y CONDICIONES QUE SE PRESENTAN."
109,05-39-0322-0109,BIOMBOS,Otros,Nueva,411000,82200,82200,Aduana de San Antonio,Puerto Columbo S.A. (San Antonio),2026-10-14 15:00,"10(diez) sacos cada uno contiene 5(cinco) piezas, totalizando 50 (cincuenta) biombos de madera, cada biombo mide 180 cm de alto por 180 cm de ancho, compuesto por 4(cuatro) paneles de 45 cm cada uno. Biombos en diferentes colores. Origen China, procedencia China, peso documental: 235 kb prorrateado conforme a peso documental indicado en papeleta de recepción. Almacén: Puerto Columbo, Dirección: Ruta 78, # 2375, Barrio Industrial San Antonio – Chile. EN EL ESTADO Y CONDICIONES QUE SE PRESENTAN."
110,05-39-0323-0110,BIOMBOS,Otros,Nueva,411000,82200,82200,Aduana de San Antonio,Puerto Columbo S.A. (San Antonio),2026-10-14 15:00,"10(diez) sacos cada uno contiene 5(cinco) piezas, totalizando 50 (cincuenta) biombos de madera, cada biombo mide 180 cm de alto por 180 cm de ancho, compuesto por 4(cuatro) paneles de 45 cm cada uno. Biombos en diferentes colores. Origen China, procedencia China, peso documental: 235 kb prorrateado conforme a peso documental. Almacén: Puerto Columbo, Dirección: Ruta 78, # 2375, Barrio Industrial San Antonio – Chile. EN EL ESTADO Y CONDICIONES QUE SE PRESENTAN."
111,05-39-0324-0111,BIOMBOS,Otros,Nueva,452000,90400,90400,Aduana de San Antonio,Puerto Columbo S.A. (San Antonio),2026-10-14 15:00,"11(once) sacos cada uno contiene 5(cinco) piezas, totalizando 55(cincuenta y cinco) biombos de madera, cada biombo mide 180 cms de alto por 180 cms de ancho , compuesto por 4(cuatro) panales de 45 cms cada uno, biombos en diferente colores. Origen China, procedencia China, peso documental: 258,50 kb prorrateado conforme a peso documental. Almacén: Puerto Columbo, Dirección: Ruta 78, # 2375, Barrio Industrial San Antonio – Chile. EN EL ESTADO Y CONDICIONES QUE SE PRESENTAN."
112,05-39-0325-0112,BIOMBOS,Otros,Nueva,606000,121200,121200,Aduana de San Antonio,Puerto Columbo S.A. (San Antonio),2026-10-14 15:00,"10(diez) cajas de cartón, cada una contiene 5(cinco) piezas, totalizando 50 (cincuenta) biombos de madera. Cada biombo mide 180 cm de alto por 200 cm de ancho, compuesto por cuatro paneles de 50 cm cada uno, con estampados decorativos, Origen China, procedencia China, peso documental: 235 kb prorrateado conforme a peso documental indicado en papeleta de recepción. Almacén: Puerto Columbo, Dirección: Ruta 78, # 2375, Barrio Industrial San Antonio – Chile. EN EL ESTADO Y CONDICIONES QUE SE PRESENTAN."
113,05-39-0326-0113,BIOMBOS,Otros,Nueva,606000,121200,121200,Aduana de San Antonio,Puerto Columbo S.A. (San Antonio),2026-10-14 15:00,"10(diez) cajas de cartón, cada una contiene 5(cinco) piezas, totalizando 50 (cincuenta) biombos de madera. Cada biombo mide 180 cm de alto por 200 cm de ancho, compuesto por cuatro paneles de 50 cm cada uno, con estampados decorativos, Origen China, procedencia China, peso documental: 235 kb prorrateado conforme a peso documental indicado en papeleta de recepción. Almacén: Puerto Columbo, Dirección: Ruta 78, # 2375, Barrio Industrial San Antonio – Chile. EN EL ESTADO Y CONDICIONES QUE SE PRESENTAN."
114,05-39-0327-0114,BIOMBOS,Otros,Nueva,606000,121200,121200,Aduana de San Antonio,Puerto Columbo S.A. (San Antonio),2026-10-14 15:00,"10(diez) cajas de cartón, cada una contiene 5(cinco) piezas, totalizando 50 (cincuenta) biombos de madera. Cada biombo mide 180 cm de alto por 200 cm de ancho, compuesto por cuatro paneles de 50 cm cada uno, con estampados decorativos. Origen China, procedencia China, peso documental: 235 kb prorrateado conforme a peso documental indicado en papeleta de recepción. Almacén: Puerto Columbo, Dirección: Ruta 78, # 2375, Barrio Industrial San Antonio – Chile. EN EL ESTADO Y CONDICIONES QUE SE PRESENTAN."
115,05-39-0328-0115,BIOMBOS,Otros,Nueva,606000,121200,121200,Aduana de San Antonio,Puerto Columbo S.A. (San Antonio),2026-10-14 15:00,"10(diez) cajas de cartón, cada una contiene 5(cinco) piezas, totalizando 50 (cincuenta) biombos de madera. Cada biombo mide 180 cm de alto por 200 cm de ancho, compuesto por cuatro paneles de 50 cm cada uno, con estampados decorativos. Origen China, procedencia China, peso documental: 235 kb prorrateado conforme a peso documental indicado en papeleta de recepción, Almacén: Puerto Columbo, Dirección: Ruta 78, # 2375, Barrio Industrial San Antonio – Chile. EN EL ESTADO Y CONDICIONES QUE SE PRESENTAN."
116,05-39-0329-0116,BIOMBOS,Otros,Nueva,606000,121200,121200,Aduana de San Antonio,Puerto Columbo S.A. (San Antonio),2026-10-14 15:00,"10(diez) cajas de cartón, cada una contiene 5(cinco) piezas, totalizando 50 (cincuenta) biombos de madera. Cada biombo mide 180 cm de alto por 200 cm de ancho, compuesto por cuatro paneles de 50 cm cada uno, con estampados decorativos, Origen China, procedencia China, peso documental: 235 kb prorrateado conforme a peso documental papeleta recepción. Almacén: Puerto Columbo, Dirección: Ruta 78, # 2375, Barrio Industrial San Antonio – Chile. EN EL ESTADO Y CONDICIONES QUE SE PRESENTAN."
117,05-39-0330-0117,BIOMBOS,Otros,Nueva,606000,121200,121200,Aduana de San Antonio,Puerto Columbo S.A. (San Antonio),2026-10-14 15:00,"10(diez) cajas de cartón, cada una contiene 5(cinco) piezas, totalizando 50 (cincuenta) biombos de madera. Cada biombo mide 180 cm de alto por 200 cm de ancho, compuesto por cuatro paneles de 50 cm cada uno, con estampados decorativos. Origen China, procedencia China, peso documental: 235 kb prorrateado conforme a peso documental indicado en papeleta de recepción. Almacén: Puerto Columbo, Dirección: Ruta 78, # 2375, Barrio Industrial San Antonio – Chile. EN EL ESTADO Y CONDICIONES QUE SE PRESENTAN."
118,05-39-0331-0118,BIOMBOS,Otros,Nueva,606000,121200,121200,Aduana de San Antonio,Puerto Columbo S.A. (San Antonio),2026-10-14 15:00,"10(diez) cajas de cartón, cada una contiene 5(cinco) piezas, totalizando 50 (cincuenta) biombos de madera. Cada biombo mide 180 cm de alto por 200 cm de ancho, compuesto por cuatro paneles de 50 cm cada uno, con estampados decorativos, Origen China, procedencia China, peso documental: 235 kb prorrateado conforme a peso documental indicado en papeleta de recepción. Almacén:Puerto Columbo, Dirección: ruta 78, # 2375, Barrio Industrial San Antonio – Chile. EN EL ESTADO Y CONDICIONES QUE SE PRESENTAN."
119,05-39-0332-0119,PISOS PLÁSTICOS,Otros,Nueva,106000,21200,21200,Aduana de San Antonio,Puerto Columbo S.A. (San Antonio),2026-10-14 15:00,"10(diez) sacos conteniendo cada uno 25(veinte y cinco) pisos plásticos, totalizando 250(doscientos cincuenta) pisos de 50 cms de alto c/u, color rojo y azul, Origen China, procedencia China, peso documental: 202 kb prorrateado conforme a peso documental indicado en papeleta de recepción , Almacén: Puerto Columbo, Dirección: Ruta 78, # 2375, Barrio Industrial San Antonio – Chile. EN EL ESTADO Y CONDICIONES QUE SE PRESENTAN."
122,05-33-0096-0122,COMPRESOR DE AIRE  PARA MOTOR  DE CAMIÓN Y OTRO,Otros,Nueva,110000,22000,22000,Aduana de Los Andes,Aduana,2026-10-14 15:00,"Una (01) caja conteniendo: uno (01) filtro secador de aire para camión , identificador k-039454-m39x1.5 , knorr-brense- serie:22061959031553ab.Con una medida de 30cm de largo x 17cm . de ancho, una (01) caja de cartón conteniendo. Uno (01) compresor de aire para motor de camión, con identificación 1634e. Origen : Argentina, procedencia : Argentina, mercancía pertenece a la Aduana Los Andes, depositada en Jaula en Ptla Los Andes. EN EL ESTADO Y CONDICIONES QUE SE PRESENTAN."
123,05-33-0097-0123,LLANTA DE AUTOMÓVIL USADA Y OTROS,Repuestos,Usada,51000,10200,10200,Aduana de Los Andes,Aduana,2026-10-14 15:00,"Uno (01) caja conteniendo: dos (02) cigüeñales para automóvil sin marcas e identificación, con desgaste en sus extremos. Diferentes medidas y modelos. Una (01) llanta de automóvil usada, sin marca e identificación , deteriorada por paso del tiempo. Mercancía: usada, Origen: desconocido. EN EL ESTADO Y CONDICIONES QUE SE PRESENTAN."
128,05-33-0102-0128,CARRETES DE SOGA DE POLIETILENO RETORCIDA FORRADA EN PVC,Otros,Nueva,13000,2600,2600,Aduana de Los Andes,Aduana,2026-10-14 16:00,"Una (01) caja conteniendo: 06 (seis) carretes de soga de polietileno retorcida forrada en pvc. Carrete de 150 metros, sin cortes. Alta tenacidad. Para uso en tendederos de ropa y en precintos de seguridad para unidades de transporte. Identificación: ''Tensil'' , Origen : desconocido, procedencia: Argentina. EN EL ESTADO Y CONDICIONES QUE SE PRESENTAN."
130,05-33-0104-0130,BATERÍAS PARA CAMIÓN,Repuestos,Nueva,31000,6200,6200,Aduana de Los Andes,Aduana,2026-10-14 16:00,"02 (dos) baterías para camión con identificación ''lucas premium 110'', amp borne perno al centro 1000 cca , de 12v.A-180 amp. Origen: Argentina , procedencia : Argentina . Mercancía en Aduana Los Andes, Depositada en Ptla.-. EN EL ESTADO Y CONDICIONES QUE SE PRESENTAN."
132,05-33-0106-0132,KIT DE EMBRAGUE Y OTROS,Repuestos,Nueva,106000,21200,21200,Aduana de Los Andes,Aduana,2026-10-14 16:00,"01 (uno ) kit de embrague ford, identificación 9014 conj. Ford courier ,zf do Brasil ; 01 (uno ) junta para cilindros, marca ford mondeo, taranto; 01 (uno ) bomba hidráulica cod: 4403; 12 (doce) unidades de aros para pistones dimensiones 8x8 ; 03 (tres) juntas para retenes , dimensiones 5x5cm, taranto ; 01 (uno ) kit juntas para motor taranto, de tapas de cilindros con una medida de 36cm. de largo x 15cm. de ancho; 03 (tres ) empaquetaduras face origen U.S.A, diferentes medidas; 01 (uno ) correa dayco identificación ''poly-v-belt con una medida de 84cm de largo; 01 (kit) distribución ''dayco'' timink., Origen y procedencia: Argentina. Mercancía Ubicación P.T.L.A. EN EL ESTADO Y CONDICIONES QUE SE PRESENTAN."
134,05-33-0108-0134,BATERÍAS,Otros,Nueva,25000,5000,5000,Aduana de Los Andes,Aduana,2026-10-14 16:00,"2 (dos) baterías para camión , marca: ''percherón''. Baterías para vehículos con la mejor calidad y rendimiento , extra pesado, identificación , se 180ci40, de 6 (seis) entradas y 2 (dos) conexiones.-una batería de arranque también proporciona amperios de arranque en frío (cca), lo que se refiere a la capacidad de suministrar una alta corriente a bajas temperaturas. Origen desconocido, procedencia: Argentina. Mercancía esta ubicada en P.T.L.A. EN EL ESTADO Y CONDICIONES QUE SE PRESENTAN."
136,05-33-0110-0136,PIEZAS DE TUBERÍAS PVC Y OTROS,Repuestos,Nueva,15000,3000,3000,Aduana de Los Andes,Aduana,2026-10-14 16:00,"100 (cien ) piezas de tuberías, tapas gorro de 1/2'' pulgadas de polipropileno con orificios e hilo interior para tubería de P.V.C. ; 100 (cien) piezas de tuberías, tapas gorro de 1'' pulgadas de polipropileno con orificios e hilo interior para tubería de P.V.C , términos de tubería o tapar una salida. 50 (cincuenta) moldes de Inyección de plástico. de ocho (08) compartimiento , con una medida de 16cm de ancho x 25cm de largo, color blanco. EN EL ESTADO Y CONDICIONES QUE SE PRESENTAN."
137,05-33-0111-0137,TAPAS PLÁSTICAS PARA ESTANQUES Y OTROS,Otros,Nueva,12000,2400,2400,Aduana de Los Andes,Aduana,2026-10-14 16:00,"01 (uno) paquete conteniendo : dos (02) tapas plásticas para estanques, marca ''bepo'' una (01) bolsa conteniendo : una (01) repuesto de bomba de aceite para motor de vehículo , marca: '' imet'' identificación corsa-221018 -m63- Origen : China ; procedencia: argentina. Mercancía perteneciente almacén de rezago de Aduana Los Andes. EN EL ESTADO Y CONDICIONES QUE SE PRESENTAN."
139,05-33-0113-0139,TAPAS PLÁSTICAS PARA BIDÓN DE AGUA,Otros,Nueva,2000,400,400,Aduana de Los Andes,Aduana,2026-10-14 16:00,"01 (una ) bolsa conteniendo: ochenta y cinco (85) tapas plásticas para bidón de aguas. Su diseño permite un uso sencillo con dispensadores de agua moderno, color blanco, sin marcas de cuatro (04) cm de alto por cinco coma cinco (5.5)cm. De ancho. Origen: desconocido. Procedencia: Argentina. Mercancía pertenece almacén Aduana Los Andes. EN EL ESTADO Y CONDICIONES QUE SE PRESENTAN."
141,05-33-0115-0141,BOTELLAS DE VIDRIO Y OTROS,Otros,Nueva,9000,1800,1800,Aduana de Los Andes,Aduana,2026-10-14 16:00,"01 (una ) caja conteniendo: 04 (cuatro ) botellas de vidrio , dispensadores para detergentes o jabón liquido , de 500ml. sin marcas e identificación con una medida de 16x7.5 cm, 03 (tres) botellas de vidrio con tapa , envase cubo utilizado en la apicultura, de 700 a 500 cc., 24 (veinte y cuatro) frascos de vidrio con tapa para condimentos y tapa alcornoque prensado , transparente con una medida de 9x6.5cm y 14 x 8cm. Origen: Argentina, procedencia: Argentina . Mercancía en P.T.L.A perteneciente Aduana Los Andes. EN EL ESTADO Y CONDICIONES QUE SE PRESENTAN."
142,05-33-0116-0142,LIBROS,Libros,Nueva,54000,10800,10800,Aduana de Los Andes,Aduana,2026-10-14 16:00,"72 setenta y dos libros que corresponde a biblias con la portada titulada ''libre en Jesús'' , la cubierta predominantemente negra con texto en rojo y blanco, el titulo principal es ''Santa Biblia'', incluye la frase ''libre en Jesús''. Origen y procedencia: Argentina. Mercancía perteneciente almacén de rezago de Aduana Los Andes. EN EL ESTADO Y CONDICIONES QUE SE PRESENTAN."
145,05-39-0333-0145,COCHES PARA BEBÉ,Otros,Nueva,257000,51400,51400,Aduana de San Antonio,"Agunsa Extraportuario S.A. ""AEXSA""",2026-10-14 16:00,"45(cuarenta y cinco) cajas de cartón, cada una conteniendo 1 (uno) coche paseador para bebé modelo 712a, marca ch baby, coche de paseo estándar de estructura ligera con asiento reclinable, capota y canasto inferior, medida 51x23x83 cm, total 45 unidades, Origen China, procedencia China, peso documental: 480,60 kb prorrateado conforme a peso documental indicado en papeleta de recepción. Almacenista: Aexsa, dirección: Ruta 86 N° 4085, Barrio Industrial, San antonio, Chile. EN EL ESTADO Y CONDICIONES QUE SE PRESENTAN."
146,05-39-0334-0146,COCHES PARA BEBÉ,Otros,Nueva,229000,45800,45800,Aduana de San Antonio,"Agunsa Extraportuario S.A. ""AEXSA""",2026-10-14 16:00,"40(cuarenta) cajas de cartón, cada una conteniendo 1 (uno) coche paseador para bebé modelo 712b, marca ch baby, coche de paseo estándar de estructura ligera con asiento reclinable, capota y canasto inferior, medida 53x25x83 cm, total 40 unidades, Origen China, procedencia China, peso documental: 427,10 kb prorrateado conforme a peso documental indicado en papeleta de recepción. Almacenista: Aexsa, dirección: ruta 86 N° 4085, barrio industrial, San Antonio, Chile. EN EL ESTADO Y CONDICIONES QUE SE PRESENTAN."
147,05-39-0335-0147,COCHES PARA BEBÉ,Otros,Nueva,229000,45800,45800,Aduana de San Antonio,"Agunsa Extraportuario S.A. ""AEXSA""",2026-10-14 16:00,"40(cuarenta) cajas de cartón, cada una conteniendo 1 (uno) coche paseador para bebé modelo 712b, marca ch baby, coche de paseo estándar de estructura ligera con asiento reclinable, capota y canasto inferior, medida 53x25x83 cm, total 40 unidades, Origen China, procedencia China, peso documental: 427,10 kb prorrateado conforme a peso documental indicado en papeleta de recepción. Almacenista: Aexsa, dirección: Ruta 86 N° 4085, Barrio Industrial, San Antonio, Chile. EN EL ESTADO Y CONDICIONES QUE SE PRESENTAN."
148,05-39-0336-0148,COCHES PARA BEBÉ,Otros,Nueva,154000,30800,30800,Aduana de San Antonio,"Agunsa Extraportuario S.A. ""AEXSA""",2026-10-14 16:00,"27(veinte y siete) cajas de cartón, cada una conteniendo 1 (uno) coche paseador para bebé modelo 712b, marca ch baby, coche de paseo estándar de estructura ligera con asiento reclinable, capota y canasto inferior, medida 53x25x83 cm, total 27 unidades, Origen China, procedencia China, peso documental: 288,25 kb prorrateado conforme a peso documental indicado en papeleta de recepción. Almacenista: Aexsa, dirección: ruta 86 N° 4085, Barrio Industrial, San Antonio, Chile. EN EL ESTADO Y CONDICIONES QUE SE PRESENTAN."
149,05-39-0337-0149,SET DE ESCOBA Y PALA,Otros,Nueva,343000,68600,68600,Aduana de San Antonio,"Agunsa Extraportuario S.A. ""AEXSA""",2026-10-14 16:00,"20(veinte) cajas de cartón, cada caja contiene 60 set de escoba y pala de aseo, ref. 6453-1612, recoge polvo fácil, escoba se guarda rápido, total 1200 set, Origen China, procedencia China, peso documental: 449,4 kb prorrateado conforme a peso documental indicado en papeleta de recepción. Almacenista: Aexsa, dirección: ruta 86 N° 4085, Barrio Industrial, San Antonio, Chile. EN EL ESTADO Y CONDICIONES QUE SE PRESENTAN."
150,05-39-0338-0150,SET DE ESCOBA Y PALA,Otros,Nueva,229000,45800,45800,Aduana de San Antonio,"Agunsa Extraportuario S.A. ""AEXSA""",2026-10-14 16:00,"20(veinte) cajas de cartón, cada caja contiene 40 set de escoba y pala de aseo, ref. 6453-1615, recoge polvo fácil, escoba se guarda rápido, total 800 set, Origen china, procedencia China, peso documental: 449,4 kb prorrateado conforme a peso documental indicado en papeleta de recepción . Almacenista: Aexsa, dirección: Ruta 86 N° 4085, Barrio Industrial, San Antonio, Chile. EN EL ESTADO Y CONDICIONES QUE SE PRESENTAN."
151,05-39-0339-0151,SET DE ESCOBA Y PALA,Otros,Nueva,229000,45800,45800,Aduana de San Antonio,"Agunsa Extraportuario S.A. ""AEXSA""",2026-10-14 16:00,"20(veinte) cajas de cartón, cada caja contiene 40 set de escoba y pala de aseo, ref. 6453-1615, recoge polvo fácil, escoba se guarda rápido, total 800 set, Origen China, procedencia China, peso documental: 449,4 kb prorrateado conforme a peso documental indicado en papeleta de recepción. Almacenista: Aexsa, dirección: ruta 86 N° 4085, Barrio Industrial, San Antonio, Chile. EN EL ESTADO Y CONDICIONES QUE SE PRESENTAN."
152,05-39-0340-0152,SET DE ESCOBA Y PALA,Otros,Nueva,229000,45800,45800,Aduana de San Antonio,"Agunsa Extraportuario S.A. ""AEXSA""",2026-10-14 16:00,"20(veinte) cajas de cartón, cada caja contiene 40set de escoba y pala de aseo, ref. 6453-1615, recoge polvo fácil, escoba se guarda rápido, total 800 set, Origen china, procedencia China, peso documental: 449,4 kb prorrateado conforme a peso documental indicado en papeleta de recepción. Almacenista: Aexsa, dirección: ruta 86 N° 4085, Barrio Industrial, San Antonio, Chile. EN EL ESTADO Y CONDICIONES QUE SE PRESENTAN."
153,05-39-0341-0153,SET DE ESCOBA Y PALA,Otros,Nueva,194000,38800,38800,Aduana de San Antonio,"Agunsa Extraportuario S.A. ""AEXSA""",2026-10-14 16:00,"17(diez y siete) cajas de cartón, cada caja contiene 40 set de escoba y pala de aseo, ref. 6453-1615, recoge polvo fácil, escoba se guarda rápido, total 680 set, Origen China, procedencia China, peso documental: 381,99 kb prorrateado conforme a peso documental indicado en papeleta de recepción . Almacenista: Aexsa, dirección: Ruta 86 N° 4085, Barrio Industrial, San Antonio, Chile. EN EL ESTADO Y CONDICIONES QUE SE PRESENTAN."
154,05-39-0342-0154,SET DE ESCOBA Y PALA,Otros,Nueva,326000,65200,65200,Aduana de San Antonio,"Agunsa Extraportuario S.A. ""AEXSA""",2026-10-14 16:00,"30(treinta) cajas de cartón, cada caja contiene 48 set de escoba y pala de aseo, ref. 6453-1611, recoge polvo fácil, escoba se guarda rápido, total 1440 piezas, Origen China, procedencia China, peso documental: 674 kb prorrateado conforme a peso documental. EN EL ESTADO Y CONDICIONES QUE SE PRESENTAN."
155,05-39-0343-0155,SET DE ESCOBA Y PALA,Otros,Nueva,120000,24000,24000,Aduana de San Antonio,"Agunsa Extraportuario S.A. ""AEXSA""",2026-10-14 16:00,"7(siete) cajas de cartón, cada caja contiene 60 set de escoba y pala de aseo, ref. 6453-1614, recoge polvo fácil, escoba se guarda rápido, total 420 piezas, Origen China, procedencia China, peso documental: 157,01 kb prorrateado conforme a peso documental indicado en papeleta de recepción. EN EL ESTADO Y CONDICIONES QUE SE PRESENTAN."
156,05-33-0119-0156,MINI PROYECTORES LED,Art. Eléctricos,Nueva,24000,4800,4800,Aduana de Los Andes,Almacen Extraportuario El Sauce S.A. (Los Andes),2026-10-14 16:00,"Un (01) bulto conteniendo: tres (03) unidades de mini proyectores led, marca irm; tecnología de imagen tft lcd; resolución 1920x1080 pixeles; color 16.7m; sistema de soporte multimedia (música, fotos, videos, txt); puertos hdmi, usb, av, audio; con accesorios (adaptador, control remoto y cable). Peso documental lote 1.5k.B. Origen China; procedencia Argentina. Ubicación el Sauce S.A. Los andes. EN EL ESTADO Y CONDICIONES QUE SE PRESENTAN."
157,05-33-0120-0157,MINI PROYECTORES  LED,Art. Eléctricos,Nueva,40000,8000,8000,Aduana de Los Andes,Almacen Extraportuario El Sauce S.A. (Los Andes),2026-10-14 16:00,"Un (01) bulto conteniendo: cinco (05) unidades de mini proyectores led, marca irm; tecnología de imagen tft lcd; resolución 1920x1080 pixeles; color 16.7m; sistema de soporte multimedia (música, fotos, videos, txt); puertos hdmi, usb, av, audio; con accesorios (adaptador, control remoto y cable). Peso documental lote 2.0k.B. Origen China; procedencia Argentina. Ubicación El Sauce S.A. Los andes. EN EL ESTADO Y CONDICIONES QUE SE PRESENTAN."
159,05-33-0122-0159,TIJERAS PARA PODAR MANUALES,Herramientas,Nueva,32000,6400,6400,Aduana de Los Andes,Almacen Extraportuario El Sauce S.A. (Los Andes),2026-10-14 16:00,"Un (01) bulto conteniendo veinticuatro (24) unidades de tijeras manuales para podar, hoja de acero inoxidable; mango cubierto con plástico. Peso documental lote 10 k.B. Origen China; procedencia Argentina. Ubicación El Sauce S.A. Los Andes. . EN EL ESTADO Y CONDICIONES QUE SE PRESENTAN."
160,05-33-0123-0160,RADIADOR MARCA LD3,Repuestos,Nueva,36000,7200,7200,Aduana de Los Andes,Almacen Extraportuario El Sauce S.A. (Los Andes),2026-10-14 16:00,"Un (01) caja conteniendo un (01) radiador marca ld3, para camioneta toyota, modelo hilux 2.5/3.0, 06/13, c/ac, a/t, cod.22554. Peso verificado lote 8 k.B. Origen Paraguay; procedencia Argentina. Ubicación El Sauce S.A. Los Andes. EN EL ESTADO Y CONDICIONES QUE SE PRESENTAN."
161,05-33-0124-0161,SENSORES DE NIVEL DE COMBUSTIBLE,Repuestos,Nueva,21000,4200,4200,Aduana de Los Andes,Almacen Extraportuario El Sauce S.A. (Los Andes),2026-10-14 16:00,"Un (01) bulto conteniendo dos (02) cajas con 04 sensores de nivel de combustible, marca simc, modelo rs-232, serie n°0-4504. Peso documental lote 5k.B.; origen argentina; Procedencia Argentina. Ubicación El Sauce S.A., Los Andes. EN EL ESTADO Y CONDICIONES QUE SE PRESENTAN."
162,05-39-0344-0162,KIT DE CABLES PARA AUDIO,Art. Eléctricos,Nueva,1385000,277000,277000,Aduana de San Antonio,Puerto Columbo S.A. (San Antonio),2026-10-14 16:00,"48 (cuarenta y ocho) cajas de cartón en total conteniendo kit de cables para audio, marca kirlin con el siguiente desglose; 9(nueve) cajas con 40 (cuarenta) unid c/u, cod. Ipch2413mhbk, 7(siete) cajas con 40(cuarenta) unid c/u, cod. Ipch2413mhrd, 3(tres)cajas con 20(veinte) unid c/u, cod. Ipch 24110mhbk ,10(diez) cajas con 40(cuarenta) unid c/u,cod. Lgi2023mbk, 15(quince)cajas con 40(cuarenta) unid c/u, cod. Lgi2026mbk,2(dos) cajas con 40(cuarenta) unid c/u, cod. Lgi2013mbl,2(dos)cajas con 40(cuarenta) unid c/u, cod. Lgi2013mbk. Origen China, procedencia China, peso verificado: 496 kb. Almacenista: Puerto Columbo, Dirección: Ruta 78, # 2375, Barrio Industrial San Antonio – Chile. EN EL ESTADO Y CONDICIONES QUE SE PRESENTAN."
163,05-39-0345-0163,CABLES PARA AUDIO,Art. Eléctricos,Nueva,1053000,210600,210600,Aduana de San Antonio,Puerto Columbo S.A. (San Antonio),2026-10-14 16:00,"36 (treinta y seis) cajas en total con cables para audio, marca kirlin: 15(quince) cajas 40(cuarenta) unid c/u cód lgi2016mbk, 4(cuatro) cajas 30(treinta) unid c/u cód lgi2016mbl, 3(tres) cajas 40(cuarenta) unid c/u cód lgi2026mbl, 1(una) caja 20(veinte) unid, cód lgi2016mrd, 2(dos) cajas 40(cuarenta) unid c/u cód 2016mrd , 3(tres) cajas 40(cuarenta) unid c/u cód ipch2413mhbk, 2(dos) cajas 20(veinte) unid c/u cód ipch24110mhbk, 5(cinco) cajas 20(veinte) unid c/u cód mpc27010mbk, 1(una) caja 60(sesenta) unid cód lga4062mwh. Origen China, procedencia China, peso verificado: 454 kb. Almacenista: Puerto Columbo, dirección: Ruta 78, # 2375, Barrio Industrial San Antonio – Chile. EN EL ESTADO Y CONDICIONES QUE SE PRESENTAN."
164,05-39-0346-0164,KIT DE CABLES PARA AUDIO,Art. Eléctricos,Nueva,1113000,222600,222600,Aduana de San Antonio,Puerto Columbo S.A. (San Antonio),2026-10-14 16:00,"96(noventa y seis) cajas de cartón en total cada una con 1(una) pieza, conteniendo kit de cables para audio, marca kirlin, código sbc 16 100m bk, Origen China, procedencia China, peso verificado: 774,5 kb. Almacenista: Puerto Columbo, Dirección: Ruta 78, # 2375, Barrio Industrial San Antonio – Chile. EN EL ESTADO Y CONDICIONES QUE SE PRESENTAN."
165,05-39-0347-0165,ESPEJOS ATRIL,Otros,Nueva,130000,26000,26000,Aduana de San Antonio,Puerto Columbo S.A. (San Antonio),2026-10-14 16:00,"50(cincuenta) cajas de cartón conteniendo cada una 01( uno) espejo atril de distintos colores en sus marcos, cuenta con topes en su base para evitar daños en su estructura, medidas 147x37,5 cms, cód.. E8-40, marca e8tienda, Origen China, procedencia China, peso documental: 285 kgs prorrateado conforme a peso documental indicado en papeleta de recepción, Almacenista: Puerto Columbo, dirección: Ruta 78, # 2375, Barrio Industrial San Antonio – Chile. EN EL ESTADO Y CONDICIONES QUE SE PRESENTAN."
166,05-39-0348-0166,ESPEJOS ATRIL,Otros,Nueva,130000,26000,26000,Aduana de San Antonio,Puerto Columbo S.A. (San Antonio),2026-10-14 16:00,"50(cincuenta) cajas de cartón conteniendo cada una 01( uno) espejo atril de distintos colores en sus marcos, cuenta con topes en su base para evitar daños en su estructura, medidas 147x37,5 cms, cód.. E8-40, marca e8tienda. Origen China, procedencia China, peso documental: 285 kgs prorrateado conforme a peso documental indicado en papeleta de recepción, Almacenista: Puerto Columbo, dirección: Ruta 78, # 2375, Barrio Industrial San Antonio – Chile. EN EL ESTADO Y CONDICIONES QUE SE PRESENTAN."
167,05-39-0349-0167,ESPEJOS ATRIL,Otros,Nueva,130000,26000,26000,Aduana de San Antonio,Puerto Columbo S.A. (San Antonio),2026-10-14 16:00,"50(cincuenta) cajas de cartón conteniendo cada una 01( uno) espejo atril de distintos colores en sus marcos, cuenta con topes en su base para evitar daños en su estructura, medidas 147x37,5 cms, cód.. E8-40, marca e8tienda, Origen China, procedencia China, peso documental: 285 kgs prorrateado conforme a peso documental indicado en papeleta de recepción, Almacenista: Puerto Columbo, dirección: Ruta 78, # 2375, Barrio Industrial San Antonio – Chile. EN EL ESTADO Y CONDICIONES QUE SE PRESENTAN."
168,05-39-0350-0168,ESPEJOS ATRIL,Otros,Nueva,130000,26000,26000,Aduana de San Antonio,Puerto Columbo S.A. (San Antonio),2026-10-14 16:00,"50(cincuenta) cajas de cartón conteniendo cada una 01( uno) espejo atril de distintos colores en sus marcos, cuenta con topes en su base para evitar daños en su estructura, medidas 147x37,5 cms, cod. E8-40, marca e8tienda, Origen China, procedencia China, peso documental: 285 kgs prorrateado conforme a peso documental indicado en papeleta de recepción, Almacenista: Puerto Columbo, dirección: Ruta 78, # 2375, Barrio Industrial San Antonio – Chile. EN EL ESTADO Y CONDICIONES QUE SE PRESENTAN."
169,05-39-0351-0169,ESPEJOS ATRIL,Otros,Nueva,130000,26000,26000,Aduana de San Antonio,Puerto Columbo S.A. (San Antonio),2026-10-14 16:00,"50(cincuenta) cajas de cartón conteniendo cada una 01( uno) espejo atril de distintos colores en sus marcos, cuenta con topes en su base para evitar daños en su estructura, medidas 147x37,5 cms, cód.. E8-40, marca e8tienda, Origen China, procedencia China, peso documental: 285 kgs prorrateado conforme a peso documental indicado en papeleta de recepción, Almacenista: Puerto Columbo, dirección: Ruta 78, # 2375, Barrio Industrial San Antonio – Chile. EN EL ESTADO Y CONDICIONES QUE SE PRESENTAN."
170,05-39-0352-0170,ESPEJOS ATRIL,Otros,Nueva,130000,26000,26000,Aduana de San Antonio,Puerto Columbo S.A. (San Antonio),2026-10-14 16:00,"50(cincuenta) cajas de cartón conteniendo cada una 01( uno) espejo atril de distintos colores en sus marcos, cuenta con topes en su base para evitar daños en su estructura, medidas 147x37,5 cms, cod. E8-40, marca e8tienda, origen China, procedencia China, peso documental: 285 kg prorrateado conforme a peso documental indicado en papeleta de recepción . EN EL ESTADO Y CONDICIONES QUE SE PRESENTAN."
171,05-39-0353-0171,ESPEJOS ATRIL,Otros,Nueva,130000,26000,26000,Aduana de San Antonio,Puerto Columbo S.A. (San Antonio),2026-10-14 16:00,"50(cincuenta) cajas de cartón conteniendo cada una 01( uno) espejo atril de distintos colores en sus marcos, cuenta con topes en su base para evitar daños en su estructura, medidas 147x37,5 cms, cod. E8-40, marca e8tienda, origen China, procedencia China, peso documental: 285 kg prorrateado conforme a peso documental indicado en papeleta de recepción. EN EL ESTADO Y CONDICIONES QUE SE PRESENTAN."
172,05-39-0354-0172,ESPEJOS ATRIL,Otros,Nueva,130000,26000,26000,Aduana de San Antonio,Puerto Columbo S.A. (San Antonio),2026-10-14 16:00,"50(cincuenta) cajas de cartón conteniendo cada una 01( uno) espejo atril de distintos colores en sus marcos, cuenta con topes en su base para evitar daños en su estructura, medidas 147x37,5 cms, cod. E8-40, marca e8tienda, origen China, procedencia China, peso documental: 285 kg prorrateado conforme a peso documental indicado en papeleta de recepción . EN EL ESTADO Y CONDICIONES QUE SE PRESENTAN."
173,05-39-0355-0173,ESPEJOS ATRIL,Otros,Nueva,130000,26000,26000,Aduana de San Antonio,Puerto Columbo S.A. (San Antonio),2026-10-14 16:00,"50(cincuenta) cajas de cartón conteniendo cada una 01( uno) espejo atril de distintos colores en sus marcos, cuenta con topes en su base para evitar daños en su estructura, medidas 147x37,5 cms, cod. E8-40, marca e8tienda, origen China, procedencia China, peso documental: 285 kg prorrateado conforme a peso documental indicado en papeleta de recepción. EN EL ESTADO Y CONDICIONES QUE SE PRESENTAN."
174,05-39-0356-0174,ESPEJOS ATRIL,Otros,Nueva,130000,26000,26000,Aduana de San Antonio,Puerto Columbo S.A. (San Antonio),2026-10-14 16:00,"50(cincuenta) cajas de cartón conteniendo cada una 01( uno) espejo atril de distintos colores en sus marcos, cuenta con topes en su base para evitar daños en su estructura, medidas 147x37,5 cms, cod. E8-40, marca e8tienda, origen China, procedencia China, peso documental: 285 kgs prorrateado conforme a peso documental indicado en papeleta de recepción. EN EL ESTADO Y CONDICIONES QUE SE PRESENTAN."
175,05-39-0357-0175,ESPEJOS ATRIL,Otros,Nueva,130000,26000,26000,Aduana de San Antonio,Puerto Columbo S.A. (San Antonio),2026-10-14 16:00,"50(cincuenta) cajas de cartón conteniendo cada una 01( uno) espejo atril de distintos colores en sus marcos, cuenta con topes en su base para evitar daños en su estructura, medidas 147x37,5 cms, cod. E8-40, marca e8tienda, origen China, procedencia China, peso documental: 285 kg prorrateado conforme a peso documental indicado en papeleta de recepción. EN EL ESTADO Y CONDICIONES QUE SE PRESENTAN."
176,05-39-0358-0176,ESPEJOS ATRIL,Otros,Nueva,130000,26000,26000,Aduana de San Antonio,Puerto Columbo S.A. (San Antonio),2026-10-14 16:00,"50(cincuenta) cajas de cartón conteniendo cada una 01( uno) espejo atril de distintos colores en sus marcos, cuenta con topes en su base para evitar daños en su estructura, medidas 147x37,5 cms, cod. E8-40, marca e8tienda, origen China, procedencia China, peso documental: 285 kg prorrateado conforme a peso documental indicado en papeleta de recepción. EN EL ESTADO Y CONDICIONES QUE SE PRESENTAN."
177,05-39-0359-0177,ESPEJOS ATRIL,Otros,Nueva,130000,26000,26000,Aduana de San Antonio,Puerto Columbo S.A. (San Antonio),2026-10-14 16:00,"50(cincuenta) cajas de cartón conteniendo cada una 01( uno) espejo atril de distintos colores en sus marcos, cuenta con topes en su base para evitar daños en su estructura, medidas 147x37,5 cms, cod. E8-40, marca e8tienda, origen China, procedencia China, peso documental: 285 kg prorrateado conforme a peso documental indicado en papeleta de recepción. EN EL ESTADO Y CONDICIONES QUE SE PRESENTAN."
178,05-39-0360-0178,ESPEJOS ATRIL,Otros,Nueva,130000,26000,26000,Aduana de San Antonio,Puerto Columbo S.A. (San Antonio),2026-10-14 16:00,"50(cincuenta) cajas de cartón conteniendo cada una 01( uno) espejo atril de distintos colores en sus marcos, cuenta con topes en su base para evitar daños en su estructura, medidas 147x37,5 cms, cod. E8-40, marca e8tienda, origen China, procedencia China, peso documental: 285 kg prorrateado conforme a peso documental indicado en papeleta de recepción. EN EL ESTADO Y CONDICIONES QUE SE PRESENTAN."
179,05-39-0361-0179,ESPEJOS ATRIL,Otros,Nueva,130000,26000,26000,Aduana de San Antonio,Puerto Columbo S.A. (San Antonio),2026-10-14 16:00,"50(cincuenta) cajas de cartón conteniendo cada una 01( uno) espejo atril de distintos colores en sus marcos, cuenta con topes en su base para evitar daños en su estructura, medidas 147x37,5 cms, cod. E8-40, marca e8tienda, origen China, procedencia China, peso documental: 285 kg prorrateado conforme a peso documental indicado en papeleta de recepción. EN EL ESTADO Y CONDICIONES QUE SE PRESENTAN."
180,05-39-0362-0180,ESPEJOS ATRIL,Otros,Nueva,130000,26000,26000,Aduana de San Antonio,Puerto Columbo S.A. (San Antonio),2026-10-14 16:00,"50(cincuenta) cajas de cartón conteniendo cada una 01( uno) espejo atril de distintos colores en sus marcos, cuenta con topes en su base para evitar daños en su estructura, medidas 147x37,5 cms, cod. E8-40, marca e8tienda, origen China, procedencia China, peso documental: 285 kg prorrateado conforme a peso documental indicado en papeleta de recepción. EN EL ESTADO Y CONDICIONES QUE SE PRESENTAN."
181,05-39-0363-0181,ESPEJOS ATRIL,Otros,Nueva,130000,26000,26000,Aduana de San Antonio,Puerto Columbo S.A. (San Antonio),2026-10-14 16:00,"50(cincuenta) cajas de cartón conteniendo cada una 01( uno) espejo atril de distintos colores en sus marcos, cuenta con topes en su base para evitar daños en su estructura, medidas 147x37,5 cms, cod. E8-40, marca e8tienda, origen China, procedencia China, peso documental: 285 kg prorrateado conforme a peso documental indicado en papeleta de recepción. EN EL ESTADO Y CONDICIONES QUE SE PRESENTAN."
182,05-39-0364-0182,ESPEJOS ATRIL,Otros,Nueva,130000,26000,26000,Aduana de San Antonio,Puerto Columbo S.A. (San Antonio),2026-10-14 16:00,"50(cincuenta) cajas de cartón conteniendo cada una 01( uno) espejo atril de distintos colores en sus marcos, cuenta con topes en su base para evitar daños en su estructura, medidas 147x37,5 cms, cod. E8-40, marca e8tienda, origen China, procedencia China, peso documental: 285 kg prorrateado conforme a peso documental indicado en papeleta de recepción . EN EL ESTADO Y CONDICIONES QUE SE PRESENTAN."
183,05-39-0365-0183,ESPEJOS ATRIL,Otros,Nueva,130000,26000,26000,Aduana de San Antonio,Puerto Columbo S.A. (San Antonio),2026-10-15 14:00,"50(cincuenta) cajas de cartón conteniendo cada una 01( uno) espejo atril de distintos colores en sus marcos, cuenta con topes en su base para evitar daños en su estructura, medidas 147x37,5 cms, cod. E8-40, marca e8tienda, origen China, procedencia China, peso documental: 285 kg prorrateado conforme a peso documental indicado en papeleta de recepción . EN EL ESTADO Y CONDICIONES QUE SE PRESENTAN."
184,05-39-0366-0184,ESPEJOS ATRIL,Otros,Nueva,130000,26000,26000,Aduana de San Antonio,Puerto Columbo S.A. (San Antonio),2026-10-15 14:00,"50(cincuenta) cajas de cartón conteniendo cada una 01( uno) espejo atril de distintos colores en sus marcos, cuenta con topes en su base para evitar daños en su estructura, medidas 147x37,5 cms, cod. E8-40, marca e8tienda, origen China, procedencia China, peso documental: 285 kg prorrateado conforme a peso documental indicado en papeleta de recepción . EN EL ESTADO Y CONDICIONES QUE SE PRESENTAN."
185,05-39-0367-0185,ESPEJOS ATRIL,Otros,Nueva,83000,16600,16600,Aduana de San Antonio,Puerto Columbo S.A. (San Antonio),2026-10-15 14:00,"32(treinta y dos) cajas de cartón conteniendo cada cada 01( uno) espejo atril de distintos colores en sus marcos, cuenta con topes en su base para evitar daños en su estructura, medidas 137x37,5 cod. E8-40, marca e8tienda, origen China, procedencia China, peso documental: 182,4 kgs prorrateado conforme a peso documental indicado en papeleta de recepción. EN EL ESTADO Y CONDICIONES QUE SE PRESENTAN."
186,05-34-0207-0186,VALIDADORES DE BILLETES,Otros,Nueva,52000,10400,10400,Aduana de Valparaíso,Zeal Sociedad Concesionaria S.A.,2026-10-15 14:00,"01 (un) cartón conteniendo 50 (cincuenta) unidades de validadores de billetes de color negro, para el pago de productos en máquinas de juegos o expendedoras de alimentos. en buen estado. Origen y procedencia China Peso verificado: 22 kg. EN EL ESTADO Y CONDICIONES QUE SE PRESENTAN."
188,05-34-0209-0188,JUEGOS DE CUBIERTOS  DE 24 PIEZAS,Artículos de Casa,Nueva,65000,13000,13000,Aduana de Valparaíso,Sitrans Almacenes Extraportuarios Ltda. (Curauma),2026-10-15 14:00,"6 (seis) cajas, conteniendo cada una, 12 (doce) juegos de cubiertos de 24 piezas: 6 cuchillos, 6 cucharas, 6 tenedores, 6 cucharas de té, de acero inoxidable 410, color plata, de acabado pulido tipo espejo, en bolsas individuales para su protección y caja. En total son 72 juegos por lote. origen y procedencia China, peso verificado 120 kg. EN EL ESTADO Y CONDICIONES QUE SE PRESENTAN."
189,05-34-0210-0189,JUEGOS DE CUBIERTOS  DE 24 PIEZAS,Artículos de Casa,Nueva,65000,13000,13000,Aduana de Valparaíso,Sitrans Almacenes Extraportuarios Ltda. (Curauma),2026-10-15 14:00,"6 (seis) cajas, conteniendo cada una, 12 (doce) juegos de cubiertos de 24 piezas: 6 cuchillos, 6 cucharas, 6 tenedores, 6 cucharas de té, de acero inoxidable 410, color plata, de acabado pulido tipo espejo, en bolsas individuales para su protección y caja. En total son 72 juegos por lote, origen y procedencia China, peso verificado 120 kg . EN EL ESTADO Y CONDICIONES QUE SE PRESENTAN."
190,05-34-0211-0190,JUEGOS DE CUBIERTOS  DE 24 PIEZAS,Artículos de Casa,Nueva,65000,13000,13000,Aduana de Valparaíso,Sitrans Almacenes Extraportuarios Ltda. (Curauma),2026-10-15 14:00,"6 (seis) cajas, conteniendo cada una, 12 (doce) juegos de cubiertos de 24 piezas: 6 cuchillos, 6 cucharas, 6 tenedores, 6 cucharas de té, de acero inoxidable 410, color plata, de acabado pulido tipo espejo, en bolsas individuales para su protección y caja. En total son 72 juegos por lote. Origen y procedencia China, peso verificado 120 kg. EN EL ESTADO Y CONDICIONES QUE SE PRESENTAN."
191,05-34-0212-0191,JUEGOS DE CUBIERTOS  DE 24 PIEZAS,Artículos de Casa,Nueva,65000,13000,13000,Aduana de Valparaíso,Sitrans Almacenes Extraportuarios Ltda. (Curauma),2026-10-15 14:00,"6 (seis) cajas, conteniendo cada una, 12 (doce) juegos de cubiertos de 24 piezas: 6 cuchillos, 6 cucharas, 6 tenedores, 6 cucharas de té, de acero inoxidable 410, color plata, de acabado pulido tipo espejo, en bolsas individuales para su protección y caja. En total son 72 juegos por lote. Origen y procedencia China, peso verificado 120 kg. EN EL ESTADO Y CONDICIONES QUE SE PRESENTAN."
195,05-33-0125-0195,PALOS DE HOCKEY Y OTROS,Artículos Deportivos,Nueva,85000,17000,17000,Aduana de Los Andes,Almacen Extraportuario El Sauce S.A. (Los Andes),2026-10-15 14:00,"Un (01) bulto conteniendo cincuenta (50) palos de hockey sobre patines, marca stick kumbre, de madera (30 palos tipo v-Max y 20 palos tipo super Kid), de segunda selección con detalles, útiles para escuela. Dos (2) toldos plegables de color azul, material lona, sin marca. Origen y procedencia Argentina. EN EL ESTADO Y CONDICIONES QUE SE PRESENTAN."
196,05-39-0368-0196,PORTA BICICLETAS,Otros,Nueva,316000,63200,63200,Aduana de San Antonio,Sitrans Almacenes Extraportuarios LTDA. (San Antonio),2026-10-15 14:00,"6(seis) cajas de cartón conteniendo cada una 08( ocho) porta bicicletas del tipo pickup diseñada para trasladar 5 bicicletas, en color negro, sujeción mediante correas., origen China, procedencia China, Marca Mobil peso documental: 91,66 kgs prorrateado conforme a peso documental indicado en papeleta de recepción , almacenista: sitrans, dirección: Bernardo O'Higgins N° 2767, barrancas San Antonio. EN EL ESTADO Y CONDICIONES QUE SE PRESENTAN."
197,05-39-0369-0197,PORTA BICICLETAS,Otros,Nueva,316000,63200,63200,Aduana de San Antonio,Sitrans Almacenes Extraportuarios LTDA. (San Antonio),2026-10-15 14:00,"6(seis) cajas de cartón conteniendo cada una 08( ocho) porta bicicletas del tipo pickup diseñada para trasladar 5 bicicletas, en color negro, sujeción mediante correas. Marca Mobil, origen China, procedencia China, peso documental: 91,66 kgs prorrateado conforme a peso documental indicado en papeleta de recepción , almacenista: Sitrans, dirección: Bernardo O'Higgins N° 2767, barrancas san Antonio. EN EL ESTADO Y CONDICIONES QUE SE PRESENTAN."
219,05-34-0233-0219,MARCOS( PORTALONES) PARA VEHÍCULOS,Repuestos,Nueva,209000,41800,41800,Aduana de Valparaíso,Terminal Extraportuario Valparaíso S.A.,2026-10-15 14:00,"1 cajón, conteniendo: diez (10) unidades de marcos (portalones) para instalación en vehículos, material metálico, color negro, medidas: largo 157 cms. X 140 cms. X ancho 70 cms. Origen y procedencia desconocida. Peso verificado 100,00 kb. EN EL ESTADO Y CONDICIONES QUE SE PRESENTAN."
220,05-34-0234-0220,PRENDAS DE VESTIR,Ropa,Nueva,164000,32800,32800,Aduana de Valparaíso,HGT CHILE EXTRAPORTUARIO VALPSO,2026-10-15 14:00,"1 (un) pallet, conteniendo 6 (seis) cajas, con un total de 160 (ciento sesenta) vestidos y 77 (setenta y siete) pantalones de acuerdo al siguiente desglose: 1 (caja) conteniendo 40 (cuarenta) vestidos color naranja talla m, 1 (caja) conteniendo 40 (cuarenta) vestidos color naranja talla m, 1 (caja) conteniendo 40 (cuarenta) pantalones color verde talla s, 1 (caja) conteniendo 37 (treinta y siete) pantalones color amarillo talla s, 1 (caja) conteniendo 40 (cuarenta) vestidos color naranja talla m, 1 (caja) conteniendo 40 (cuarenta) vestidos color amarillo talla m. origen y procedencia China, peso verificado 118,00 kg. EN EL ESTADO Y CONDICIONES QUE SE PRESENTAN."
221,05-34-0235-0221,PRENDAS DE VESTIR,Ropa,Nueva,163000,32600,32600,Aduana de Valparaíso,HGT CHILE EXTRAPORTUARIO VALPSO,2026-10-15 14:00,"1 (un) pallet, conteniendo 6 (seis) cajas, con un total de 236 (doscientos treinta y seis) vestidos de acuerdo al siguiente desgloce: 1 (caja) conteniendo 40 (cuarenta) vestidos color fucsia talla m, 1 (caja) conteniendo 40 (cuarenta) vestidos color fucsia talla m, 1 (caja) conteniendo 40 (cuarenta) vestidos color naranja talla m, 1 (caja) conteniendo 40 (cuarenta) vestidos color naranja talla l, 1 (caja) conteniendo 36 (treinta y seis) vestidos color amarillo talla m, 1 (caja) conteniendo 40 (cuarenta) vestidos color amarillo talla m. origen y procedencia China, peso verificado 121,00 kg. EN EL ESTADO Y CONDICIONES QUE SE PRESENTAN."
222,05-34-0236-0222,FILM ADHERENTE (PELÍCULA ENVOLVENTE),Artículos de Casa,Nueva,61000,12200,12200,Aduana de Valparaíso,Sitrans Almacenes Extraportuarios Ltda. (Curauma),2026-10-15 14:00,"1 (un) pallet, conteniendo 10 (diez) cajas, con 100 (cien) unidades cada una, de película envolvente plástica transparente, para envasado y/o almacenamiento de alimentos, film adherente, de 30 cm de ancho por 30 mts de largo. En total son 1.000 unidades. origen y procedencia China, peso verificado 156 kg. EN EL ESTADO Y CONDICIONES QUE SE PRESENTAN."
223,05-34-0237-0223,FILM ADHERENTE (PELÍCULA ENVOLVENTE),Artículos de Casa,Nueva,61000,12200,12200,Aduana de Valparaíso,Sitrans Almacenes Extraportuarios Ltda. (Curauma),2026-10-15 14:00,"1 (un) pallet, conteniendo 10 (diez) cajas, con 100 (cien) unidades cada una, de película envolvente plástica transparente, para envasado y/o almacenamiento de alimentos, film adherente, de 30 cm de ancho por 30 mts de largo. En total son 1.000 unidades. origen y procedencia China, peso verificado 156 kg. EN EL ESTADO Y CONDICIONES QUE SE PRESENTAN."
225,05-34-0239-0225,ZAPATILLAS DE DESCANSO,Zapatillas-Zapatos,Nueva,11000,2200,2200,Aduana de Valparaíso,Sitrans Almacenes Extraportuarios Ltda. (Curauma),2026-10-15 14:00,"01 (un) pallet conteniendo un total de 495 (cuatrocientos noventa y cinco) pares de zapatillas de descanso para adultos y niños, distribuidas en 05 (cinco) bolsas plásticas. Distintos modelos, colores y tallas. Material sintético. Mercancía se encuentra sin rotular. Origen y procedencia China . Peso verificado 124.6 kg. Antes de retirar la mercancía del extraportuario, el adjudicatario debe cumplir con rotular el calzado conforme al decreto N° 17 de 2006, antes de proceder a comercializar el producto. EN EL ESTADO Y CONDICIONES QUE SE PRESENTAN."
236,05-39-0370-0236,FAROLES LED,Art. Eléctricos,Nueva,336000,67200,67200,Aduana de San Antonio,Particular,2026-10-15 14:00,"50 (cincuenta) cajas conteniendo cada una 5 (cinco) faroles led modelo bmsl0808, 300w, panel 6v/30w, batería 3.2v/20ah. Flujo 1900lm, 9000k (luz fría intensa), ip65. Modo sensor radar: luz tenue en espera, se activa a máxima potencia al detectar movimiento (5m alcance), apagado tras 15-30s. Carga 5-7h, autonomía >12h. Incluye 2 (dos) cajas cada 1(una) 50 brazos metálicos para soporte focos, mando remoto con temporizador programable (3h/5h/8h/12h). Marca Golden Mesh. Peso documental 462 kg bruto, cajas originales. EN EL ESTADO Y CONDICIONES QUE SE PRESENTAN."
237,05-39-0371-0237,FAROLES LED,Art. Eléctricos,Nueva,336000,67200,67200,Aduana de San Antonio,Particular,2026-10-15 14:00,"50 (cincuenta) cajas conteniendo cada una 5 (cinco) faroles led modelo bmsl0808, 300w, panel 6v/30w, batería 3.2v/20ah. Flujo 1900lm, 9000k (luz fría intensa), ip65. Modo sensor radar: luz tenue en espera, se activa a máxima potencia al detectar movimiento (5m alcance), apagado tras 15-30s. Carga 5-7h, autonomía >12h. Incluye 2 (dos) cajas cada 1(una) 50 brazos metálicos para soporte focos, mando remoto con temporizador programable (3h/5h/8h/12h). Marca Golden Mesh. Peso documental 462 kg , cajas originales. EN EL ESTADO Y CONDICIONES QUE SE PRESENTAN."
239,05-39-0373-0239,FAROLES LED,Art. Eléctricos,Nueva,336000,67200,67200,Aduana de San Antonio,Particular,2026-10-15 14:00,"50 (cincuenta) cajas conteniendo cada una 5 (cinco) faroles led modelo bmsl0808, 300w, panel 6v/30w, batería 3.2v/20ah. Flujo 1900lm, 9000k (luz fría intensa), ip65. Modo sensor radar: luz tenue en espera, se activa a máxima potencia al detectar movimiento (5m alcance), apagado tras 15-30s. Carga 5-7h, autonomía >12h. Incluye 2 (dos) cajas cada 1(una) 50 brazos metálicos para soporte focos, mando remoto con temporizador programable (3h/5h/8h/12h). Marca Golden Mesh. Peso documental 462 kg bruto. Cajas originales. EN EL ESTADO Y CONDICIONES QUE SE PRESENTAN."
240,05-39-0374-0240,FAROLES LED,Art. Eléctricos,Nueva,336000,67200,67200,Aduana de San Antonio,Particular,2026-10-15 14:00,"50 (cincuenta) cajas conteniendo cada una 5 (cinco) faroles led modelo bmsl0808, 300w, panel 6v/30w, batería 3.2v/20ah. Flujo 1900lm, 9000k (luz fría intensa), ip65. Modo sensor radar: luz tenue en espera, se activa a máxima potencia al detectar movimiento (5m alcance), apagado tras 15-30s. Carga 5-7h, autonomía >12h. Incluye 2 (dos) cajas cada 1(una) 50 brazos metálicos para soporte focos, mando remoto con temporizador programable (3h/5h/8h/12h). Marca Golden Mesh. Peso documental 462 kg bruto. Cajas originales. EN EL ESTADO Y CONDICIONES QUE SE PRESENTAN."
241,05-39-0375-0241,FAROLES LED,Art. Eléctricos,Nueva,336000,67200,67200,Aduana de San Antonio,Particular,2026-10-15 14:00,"50 (cincuenta) cajas conteniendo cada una 5 (cinco) faroles led modelo bmsl0808, 300w, panel 6v/30w, batería 3.2v/20ah. Flujo 1900lm, 9000k (luz fría intensa), ip65. Modo sensor radar: luz tenue en espera, se activa a máxima potencia al detectar movimiento (5m alcance), apagado tras 15-30s. Carga 5-7h, autonomía >12h. Incluye 2 (dos) cajas cada 1(una) 50 brazos metálicos para soporte focos, mando remoto con temporizador programable (3h/5h/8h/12h). Marca Golden Mesh.Peso documental 462 kg bruto. Cajas originales. EN EL ESTADO Y CONDICIONES QUE SE PRESENTAN."
242,05-39-0376-0242,FAROLES LED,Art. Eléctricos,Nueva,336000,67200,67200,Aduana de San Antonio,Particular,2026-10-15 14:00,"50 (cincuenta) cajas conteniendo cada una 5 (cinco) faroles led modelo bmsl0808, 300w, panel 6v/30w, batería 3.2v/20ah. Flujo 1900lm, 9000k (luz fría intensa), ip65. Modo sensor radar: luz tenue en espera, se activa a máxima potencia al detectar movimiento (5m alcance), apagado tras 15-30s. Carga 5-7h, autonomía >12h. Incluye 2 (dos) cajas cada 1(una) 50 brazos metálicos para soporte focos, mando remoto con temporizador programable (3h/5h/8h/12h). Marca Golden Mesh. Peso documental 462 kg bruto. Cajas originales. EN EL ESTADO Y CONDICIONES QUE SE PRESENTAN."
243,05-39-0377-0243,FAROLES LED,Art. Eléctricos,Nueva,336000,67200,67200,Aduana de San Antonio,Particular,2026-10-15 14:00,"50 (cincuenta) cajas conteniendo cada una 5 (cinco) faroles led modelo bmsl0808, 300w, panel 6v/30w, batería 3.2v/20ah. Flujo 1900lm, 9000k (luz fría intensa), ip65. Modo sensor radar: luz tenue en espera, se activa a máxima potencia al detectar movimiento (5m alcance), apagado tras 15-30s. Carga 5-7h, autonomía >12h. Incluye 2 (dos) cajas cada 1(una) 50 brazos metálicos para soporte focos, mando remoto con temporizador programable (3h/5h/8h/12h). Marca Golden Mesh.Peso documental 462 kg bruto. Cajas originales. EN EL ESTADO Y CONDICIONES QUE SE PRESENTAN."
244,05-39-0378-0244,FAROLES LED,Art. Eléctricos,Nueva,336000,67200,67200,Aduana de San Antonio,Particular,2026-10-15 14:00,"50 (cincuenta) cajas conteniendo cada una 5 (cinco) faroles led modelo bmsl0808, 300w, panel 6v/30w, batería 3.2v/20ah. Flujo 1900lm, 9000k (luz fría intensa), ip65. Modo sensor radar: luz tenue en espera, se activa a máxima potencia al detectar movimiento (5m alcance), apagado tras 15-30s. Carga 5-7h, autonomía >12h. Incluye 2 (dos) cajas cada 1(una) 50 brazos metálicos para soporte focos, mando remoto con temporizador programable (3h/5h/8h/12h). Marca Golden Mesh. Peso documental 462 kg bruto. Cajas originales. EN EL ESTADO Y CONDICIONES QUE SE PRESENTAN."
245,05-39-0379-0245,FAROLES LED,Art. Eléctricos,Nueva,336000,67200,67200,Aduana de San Antonio,Particular,2026-10-15 14:00,"50 (cincuenta) cajas conteniendo cada una 5 (cinco) faroles led modelo bmsl0808, 300w, panel 6v/30w, batería 3.2v/20ah. Flujo 1900lm, 9000k (luz fría intensa), ip65. Modo sensor radar: luz tenue en espera, se activa a máxima potencia al detectar movimiento (5m alcance), apagado tras 15-30s. Carga 5-7h, autonomía >12h. Incluye 2 (dos) cajas cada 1(una) 50 brazos metálicos para soporte focos, mando remoto con temporizador programable (3h/5h/8h/12h). Marca Golden Mesh. Peso documental 462 kg bruto. Cajas originales. EN EL ESTADO Y CONDICIONES QUE SE PRESENTAN."
246,05-39-0380-0246,FAROLES LED,Art. Eléctricos,Nueva,336000,67200,67200,Aduana de San Antonio,Particular,2026-10-15 14:00,"50 (cincuenta) cajas conteniendo cada una 5 (cinco) faroles led modelo bmsl0808, 300w, panel 6v/30w, batería 3.2v/20ah. Flujo 1900lm, 9000k (luz fría intensa), ip65. Modo sensor radar: luz tenue en espera, se activa a máxima potencia al detectar movimiento (5m alcance), apagado tras 15-30s. Carga 5-7h, autonomía >12h. Incluye 2 (dos) cajas cada 1(una) 50 brazos metálicos para soporte focos, mando remoto con temporizador programable (3h/5h/8h/12h). Marca Golden Mesh. Peso documental 462 kg bruto. Cajas originales. EN EL ESTADO Y CONDICIONES QUE SE PRESENTAN."
247,05-39-0381-0247,FAROLES LED,Art. Eléctricos,Nueva,336000,67200,67200,Aduana de San Antonio,Particular,2026-10-15 14:00,"50 (cincuenta) cajas conteniendo cada una 5 (cinco) faroles led modelo bmsl0808, 300w, panel 6v/30w, batería 3.2v/20ah. Flujo 1900lm, 9000k (luz fría intensa), ip65. Modo sensor radar: luz tenue en espera, se activa a máxima potencia al detectar movimiento (5m alcance), apagado tras 15-30s. Carga 5-7h, autonomía >12h. Incluye 2 (dos) cajas cada 1(una) 50 brazos metálicos para soporte focos, mando remoto con temporizador programable (3h/5h/8h/12h). Marca Golden Mesh. Peso documental 462 kg bruto . Cajas originales. EN EL ESTADO Y CONDICIONES QUE SE PRESENTAN."
248,05-39-0382-0248,FAROLES LED,Art. Eléctricos,Nueva,336000,67200,67200,Aduana de San Antonio,Particular,2026-10-15 14:00,"50 (cincuenta) cajas conteniendo cada una 5 (cinco) faroles led modelo bmsl0808, 300w, panel 6v/30w, batería 3.2v/20ah. Flujo 1900lm, 9000k (luz fría intensa), ip65. Modo sensor radar: luz tenue en espera, se activa a máxima potencia al detectar movimiento (5m alcance), apagado tras 15-30s. Carga 5-7h, autonomía >12h. Incluye 2 (dos) cajas cada 1(una) 50 brazos metálicos para soporte focos, mando remoto con temporizador programable (3h/5h/8h/12h). Marca Golden Mesh.Peso documental 462 kg bruto. Cajas originales. EN EL ESTADO Y CONDICIONES QUE SE PRESENTAN."
249,05-39-0383-0249,FAROLES LED,Art. Eléctricos,Nueva,336000,67200,67200,Aduana de San Antonio,Particular,2026-10-15 14:00,"50 (cincuenta) cajas conteniendo cada una 5 (cinco) faroles led modelo bmsl0808, 300w, panel 6v/30w, batería 3.2v/20ah. Flujo 1900lm, 9000k (luz fría intensa), ip65. Modo sensor radar: luz tenue en espera, se activa a máxima potencia al detectar movimiento (5m alcance), apagado tras 15-30s. Carga 5-7h, autonomía >12h. Incluye 2 (dos) cajas cada 1(una) 50 brazos metálicos para soporte focos, mando remoto con temporizador programable (3h/5h/8h/12h). Marca Golden Mesh. Peso documental 462 kg bruto. Cajas originales. EN EL ESTADO Y CONDICIONES QUE SE PRESENTAN."
250,05-39-0384-0250,FAROLES LED,Art. Eléctricos,Nueva,336000,67200,67200,Aduana de San Antonio,Particular,2026-10-15 14:00,"50 (cincuenta) cajas conteniendo cada una 5 (cinco) faroles led modelo bmsl0808, 300w, panel 6v/30w, batería 3.2v/20ah. Flujo 1900lm, 9000k (luz fría intensa), ip65. Modo sensor radar: luz tenue en espera, se activa a máxima potencia al detectar movimiento (5m alcance), apagado tras 15-30s. Carga 5-7h, autonomía >12h. Incluye 2 (dos) cajas cada 1(una) 50 brazos metálicos para soporte focos, mando remoto con temporizador programable (3h/5h/8h/12h). Marca Golden Mesh. Peso documental 462 kg bruto cajas originales. EN EL ESTADO Y CONDICIONES QUE SE PRESENTAN."
251,05-39-0385-0251,FAROLES LED,Art. Eléctricos,Nueva,336000,67200,67200,Aduana de San Antonio,Particular,2026-10-15 14:00,"50 (cincuenta) cajas conteniendo cada una 5 (cinco) faroles led modelo bmsl0808, 300w, panel 6v/30w, batería 3.2v/20ah. Flujo 1900lm, 9000k (luz fría intensa), ip65. Modo sensor radar: luz tenue en espera, se activa a máxima potencia al detectar movimiento (5m alcance), apagado tras 15-30s. Carga 5-7h, autonomía >12h. Incluye 2 (dos) cajas cada 1(una) 50 brazos metálicos para soporte focos, mando remoto con temporizador programable (3h/5h/8h/12h). Marca Golden Mesh. Peso documental 462 kg bruto. Cajas originales. EN EL ESTADO Y CONDICIONES QUE SE PRESENTAN."
252,05-39-0386-0252,FAROLES LED,Art. Eléctricos,Nueva,336000,67200,67200,Aduana de San Antonio,Particular,2026-10-15 14:00,"50 (cincuenta) cajas conteniendo cada una 5 (cinco) faroles led modelo bmsl0808, 300w, panel 6v/30w, batería 3.2v/20ah. Flujo 1900lm, 9000k (luz fría intensa), ip65. Modo sensor radar: luz tenue en espera, se activa a máxima potencia al detectar movimiento (5m alcance), apagado tras 15-30s. Carga 5-7h, autonomía >12h. Incluye 2 (dos) cajas cada 1(una) 50 brazos metálicos para soporte focos, mando remoto con temporizador programable (3h/5h/8h/12h). Marca Golden Mesh. Peso documental 562kg bruto. Cajas originales. EN EL ESTADO Y CONDICIONES QUE SE PRESENTAN."
253,05-39-0387-0253,FAROLES LED,Art. Eléctricos,Nueva,336000,67200,67200,Aduana de San Antonio,Particular,2026-10-15 14:00,"50 (cincuenta) cajas conteniendo cada una 5 (cinco) faroles led modelo bmsl0808, 300w, panel 6v/30w, batería 3.2v/20ah. Flujo 1900lm, 9000k (luz fría intensa), ip65. Modo sensor radar: luz tenue en espera, se activa a máxima potencia al detectar movimiento (5m alcance), apagado tras 15-30s. Carga 5-7h, autonomía >12h. Incluye 2 (dos) cajas cada 1(una) 50 brazos metálicos para soporte focos, mando remoto con temporizador programable (3h/5h/8h/12h). Cajas originales. Marca Golden Mesh. EN EL ESTADO Y CONDICIONES QUE SE PRESENTAN."
255,05-39-0389-0255,ROLLOS DE ALAMBRE CON PÚAS GALVANIZADO,Otros,Nueva,167000,33400,33400,Aduana de San Antonio,Particular,2026-10-15 14:00,"36 (treinta y seis) rollos de alambre con púas galvanizado triple - clase 3 con un largo de 500 mts. (quinientos), capa de zinc mínima > 240 g/m2, numero de alambre 16 peso aproximado 22,5 kg, según descripción en cada rollo. Origen China, procedencia China, peso documental: 810 conforme a peso bruto documental indicado en cada rollo N° 2026-2462. EN EL ESTADO Y CONDICIONES QUE SE PRESENTAN."
256,05-39-0390-0256,ROLLOS DE ALAMBRE CON PÚAS GALVANIZADO,Otros,Nueva,167000,33400,33400,Aduana de San Antonio,Particular,2026-10-15 14:00,"36 (treinta y seis) rollos de alambre con púas galvanizado triple - clase 3 con un largo de 500 mts. (quinientos), capa de zinc mínima > 240 g/m2, número de alambre 16 peso aproximado 22,5 kg, según descripción en cada rollo. Origen China, procedencia China, peso documental: 810 conforme a peso bruto documental indicado en cada rollo N° 2026-2462. EN EL ESTADO Y CONDICIONES QUE SE PRESENTAN."
259,05-34-0250-0259,ROLLOS DE PAPEL ALUMINIO,Otros,Nueva,206000,41200,41200,Aduana de Valparaíso,Sitrans Almacenes Extraportuarios Ltda. (Curauma),2026-10-15 14:00,"1 (un) pallet, conteniendo 9 (nueve) cartones con 899 (ochocientas noventa y nueve) unidades en total de rollos de papel de aluminio, medidas 5 m. (5m x 300mm). Origen y procedencia China, peso verificado 80,91 kg. EN EL ESTADO Y CONDICIONES QUE SE PRESENTAN."
261,05-34-0252-0261,COPOLÍMEROS  DE IMPACTO,Otros,Nueva,183000,36600,36600,Aduana de Valparaíso,Sitrans Almacenes Extraportuarios Ltda. (Curauma),2026-10-15 14:00,"01 (un) pallet conteniendo 60 (sesenta) sacos de 25 kg. Cada uno de copolímeros de impacto. Materia prima para la industria del plástico. El empaque y contenido son 100% reciclables. Variedades ods #9. Origen Colombia, procedencia desconocida. Peso documental prorrateado 1.500 kg. EN EL ESTADO Y CONDICIONES QUE SE PRESENTAN."
262,05-34-0253-0262,COPOLÍMEROS  DE IMPACTO,Otros,Nueva,183000,36600,36600,Aduana de Valparaíso,Sitrans Almacenes Extraportuarios Ltda. (Curauma),2026-10-15 14:00,"01 (un) pallet conteniendo 60 (sesenta) sacos de 25 kg. Cada uno de copolímeros de impacto. Materia prima para la industria del plástico. El empaque y contenido son 100% reciclables. Variedad ods #9. Origen Colombia, procedencia desconocida. Peso documental prorrateado 1.500 kg. EN EL ESTADO Y CONDICIONES QUE SE PRESENTAN."
263,05-34-0254-0263,COPOLÍMEROS  DE IMPACTO,Otros,Nueva,183000,36600,36600,Aduana de Valparaíso,Sitrans Almacenes Extraportuarios Ltda. (Curauma),2026-10-15 14:00,"01 (un) pallet conteniendo 60 (sesenta) sacos de 25 kg. Cada uno de copolímeros de impacto. Materia prima para la industria del plástico. El empaque y contenido son 100% reciclables. Variedad ods #9. Origen Colombia, procedencia desconocida. Peso documental prorrateado 1.528,61 kg. EN EL ESTADO Y CONDICIONES QUE SE PRESENTAN."
264,05-34-0255-0264,COPOLÍMEROS  DE IMPACTO,Otros,Nueva,183000,36600,36600,Aduana de Valparaíso,Sitrans Almacenes Extraportuarios Ltda. (Curauma),2026-10-15 14:00,"01 (un) pallet conteniendo 60 (sesenta) sacos de 25 kg. Cada uno de copolímeros de impacto. Materia prima para la industria del plástico. El empaque y contenido son 100% reciclables. Variedad ods #9. Origen Colombia, procedencia desconocida. Peso documental prorrateado 1.500 kg. EN EL ESTADO Y CONDICIONES QUE SE PRESENTAN."
265,05-34-0256-0265,COPOLÍMEROS  DE IMPACTO,Otros,Nueva,183000,36600,36600,Aduana de Valparaíso,Sitrans Almacenes Extraportuarios Ltda. (Curauma),2026-10-15 14:00,"01 (un) pallet conteniendo 60 (sesenta) sacos de 25 kg. Cada uno de copolímeros de impacto. Materia prima para la industria del plástico. El empaque y contenido son 100% reciclables. Variedad ods #9. Origen Colombia, procedencia desconocida. Peso documental prorrateado 1.500 kg. EN EL ESTADO Y CONDICIONES QUE SE PRESENTAN."
266,05-34-0257-0266,COPOLÍMEROS  DE IMPACTO,Otros,Nueva,183000,36600,36600,Aduana de Valparaíso,Sitrans Almacenes Extraportuarios Ltda. (Curauma),2026-10-15 14:00,"01 (un) pallet conteniendo 60 (sesenta) sacos de 25 kg. Cada uno de copolímeros de impacto. Materia prima para la industria del plástico. El empaque y contenido son 100% reciclables. Variedad ods #8 . Origen Colombia, procedencia desconocida, peso documental prorrateado 1.500 kg. EN EL ESTADO Y CONDICIONES QUE SE PRESENTAN."
267,05-34-0258-0267,COPOLÍMEROS  DE IMPACTO,Otros,Nueva,183000,36600,36600,Aduana de Valparaíso,Sitrans Almacenes Extraportuarios Ltda. (Curauma),2026-10-15 14:00,"01 (un) pallet conteniendo 60 (sesenta) sacos de 25 kg. Cada uno de copolímeros de impacto. Materia prima para la industria del plástico. El empaque y contenido son 100% reciclables. Variedad ods #9. Mercancía nueva, origen Colombia, procedencia desconocida, Peso documental prorrateado 1.500 kg. EN EL ESTADO Y CONDICIONES QUE SE PRESENTAN."
268,05-34-0259-0268,COPOLÍMEROS  DE IMPACTO,Otros,Nueva,183000,36600,36600,Aduana de Valparaíso,Sitrans Almacenes Extraportuarios Ltda. (Curauma),2026-10-15 14:00,"01 (un) pallet conteniendo 60 (sesenta) sacos de 25 kg. Cada uno de copolímeros de impacto. Materia prima para la industria del plástico. El empaque y contenido son 100% reciclables. Variedad ods #4. Origen Colombia, procedencia desconocida. Peso documental prorrateado 1.500 kg. EN EL ESTADO Y CONDICIONES QUE SE PRESENTAN."
270,05-34-0260-0270,COPOLÍMEROS  DE IMPACTO,Otros,Nueva,183000,36600,36600,Aduana de Valparaíso,Sitrans Almacenes Extraportuarios Ltda. (Curauma),2026-10-15 14:00,"01 (un) pallet conteniendo 60 (sesenta) sacos de 25 kg. Cada uno de copolímeros de impacto. Materia prima para la industria del plástico. El empaque y contenido son 100% reciclables. Variedad ods #4. Origen Colombia, procedencia desconocida. Peso documental prorrateado 1.500 kg. EN EL ESTADO Y CONDICIONES QUE SE PRESENTAN."
271,05-34-0261-0271,COPOLÍMEROS  DE IMPACTO,Otros,Nueva,183000,36600,36600,Aduana de Valparaíso,Sitrans Almacenes Extraportuarios Ltda. (Curauma),2026-10-15 15:00,"01 (un) pallet conteniendo 60 (sesenta) sacos de 25 kg. Cada uno de copolímeros de impacto. Materia prima para la industria del plástico. El empaque y contenido son 100% reciclables. Variedad ods #4. Origen Colombia, procedencia desconocida. Peso documental prorrateado 1.500 kg. EN EL ESTADO Y CONDICIONES QUE SE PRESENTAN."
272,05-34-0262-0272,COPOLÍMEROS  DE IMPACTO,Otros,Nueva,183000,36600,36600,Aduana de Valparaíso,Sitrans Almacenes Extraportuarios Ltda. (Curauma),2026-10-15 15:00,"01 (un) pallet conteniendo 60 (sesenta) sacos de 25 kg. Cada uno de copolímeros de impacto. Materia prima para la industria del plástico. El empaque y contenido son 100% reciclables. Variedad ods #4. Origen Colombia, procedencia desconocida. Peso documental prorrateado 1.500 kg. EN EL ESTADO Y CONDICIONES QUE SE PRESENTAN."
273,05-34-0263-0273,COPOLÍMEROS  DE IMPACTO,Otros,Nueva,183000,36600,36600,Aduana de Valparaíso,Sitrans Almacenes Extraportuarios Ltda. (Curauma),2026-10-15 15:00,"01 (un) pallet conteniendo 60 (sesenta) sacos de 25 kg. Cada uno de copolímeros de impacto. Materia prima para la industria del plástico. El empaque y contenido son 100% reciclables. Variedad ods #4. Origen colombia, procedencia desconocida. Peso documental prorrateado 1.500 kg. EN EL ESTADO Y CONDICIONES QUE SE PRESENTAN."
274,05-34-0264-0274,COPOLÍMEROS  DE IMPACTO,Otros,Nueva,183000,36600,36600,Aduana de Valparaíso,Sitrans Almacenes Extraportuarios Ltda. (Curauma),2026-10-15 15:00,"01 (un) pallet conteniendo 60 (sesenta) sacos de 25 kg. Cada uno de copolímeros de impacto. Materia prima para la industria del plástico. El empaque y contenido son 100% reciclables. Variedad ods #4. Origen Colombia, procedencia desconocida. Peso documental prorrateado 1.500 kg. EN EL ESTADO Y CONDICIONES QUE SE PRESENTAN."
275,05-34-0265-0275,COPOLÍMEROS  DE IMPACTO,Otros,Nueva,183000,36600,36600,Aduana de Valparaíso,Sitrans Almacenes Extraportuarios Ltda. (Curauma),2026-10-15 15:00,"01 (un) pallet conteniendo 60 (sesenta) sacos de 25 kg. Cada uno de copolímeros de impacto. Materia prima para la industria del plástico. El empaque y contenido son 100% reciclables. Variedad ods #4. Origen Colombia, procedencia desconocida. Peso documental prorrateado 1.500 kg. EN EL ESTADO Y CONDICIONES QUE SE PRESENTAN."
276,05-34-0266-0276,COPOLÍMEROS  DE IMPACTO,Otros,Nueva,183000,36600,36600,Aduana de Valparaíso,Sitrans Almacenes Extraportuarios Ltda. (Curauma),2026-10-15 15:00,"01 (un) pallet conteniendo 60 (sesenta) sacos de 25 kg. Cada uno de copolímeros de impacto. Materia prima para la industria del plástico. El empaque y contenido son 100% reciclables. Variedad ods #4. Origen Colombia, procedencia desconocida. Peso documental prorrateado 1.500 kg. EN EL ESTADO Y CONDICIONES QUE SE PRESENTAN."
277,05-34-0267-0277,COPOLÍMEROS  DE IMPACTO,Otros,Nueva,183000,36600,36600,Aduana de Valparaíso,Sitrans Almacenes Extraportuarios Ltda. (Curauma),2026-10-15 15:00,"01 (un) pallet conteniendo 60 (sesenta) sacos de 25 kg. Cada uno de copolímeros de impacto. Materia prima para la industria del plástico. El empaque y contenido son 100% reciclables. Variedades ods #4 (25 sacos), ods #13 (35 sacos). origen Colombia, procedencia desconocida, Peso documental prorrateado 1.500 kg. EN EL ESTADO Y CONDICIONES QUE SE PRESENTAN."
278,05-34-0268-0278,COPOLÍMEROS  DE IMPACTO,Otros,Nueva,183000,36600,36600,Aduana de Valparaíso,Sitrans Almacenes Extraportuarios Ltda. (Curauma),2026-10-15 15:00,"01 (un) pallet conteniendo 60 (sesenta) sacos de 25 kg. Cada uno de copolímeros de impacto. Materia prima para la industria del plástico. El empaque y contenido son 100% reciclables. Variedad ods #4. origen Colombia, procedencia desconocida, Peso documental prorrateado 1.500 kg. EN EL ESTADO Y CONDICIONES QUE SE PRESENTAN."
279,05-34-0269-0279,COPOLÍMEROS  DE IMPACTO,Otros,Nueva,183000,36600,36600,Aduana de Valparaíso,Sitrans Almacenes Extraportuarios Ltda. (Curauma),2026-10-15 15:00,"01 (un) pallet conteniendo 60 (sesenta) sacos de 25 kg. Cada uno de copolímeros de impacto. Materia prima para la industria del plástico. El empaque y contenido son 100% reciclables. Variedad ods #4, origen Colombia, procedencia desconocida, Peso documental prorrateado 1.500 kg. EN EL ESTADO Y CONDICIONES QUE SE PRESENTAN."
280,05-34-0270-0280,COPOLÍMEROS  DE IMPACTO,Otros,Nueva,183000,36600,36600,Aduana de Valparaíso,Sitrans Almacenes Extraportuarios Ltda. (Curauma),2026-10-15 15:00,"01 (un) pallet conteniendo 60 (sesenta) sacos de 25 kg. Cada uno de copolímeros de impacto. Materia prima para la industria del plástico. El empaque y contenido son 100% reciclables. Variedad ods #4. origen Colombia, procedencia desconocida. Peso documental prorrateado 1.500 kg. EN EL ESTADO Y CONDICIONES QUE SE PRESENTAN."
281,05-34-0271-0281,UNIDADES DE CUCHILLAS DE LIMPIEZA  USO EN IMPRESORA Y OTROS,Otros,Nueva,370000,74000,74000,Aduana de Valparaíso,Terminal Extraportuario Valparaíso S.A.,2026-10-15 15:00,"2 cartones, conteniendo en total cincuenta (50) unidades de cuchillas para limpieza (banda de transferencia), para uso en impresoras; cien (100) unidades de lámparas de halógeno, para uso en Fuji xerox, 217 v; siete (07) unidades de rodillos de calor del fusor superior para impresoras. Origen y procedencia desconocida. Peso verificado 21,00 kb. EN EL ESTADO Y CONDICIONES QUE SE PRESENTAN."
282,05-34-0272-0282,COPOLÍMEROS  DE IMPACTO,Otros,Nueva,183000,36600,36600,Aduana de Valparaíso,Sitrans Almacenes Extraportuarios Ltda. (Curauma),2026-10-15 15:00,"01 (un) pallet conteniendo 60 (sesenta) sacos de 25 kg. Cada uno de copolímeros de impacto. Materia prima para la industria del plástico. El empaque y contenido son 100% reciclables. Variedad ods #4. origen Colombia, procedencia desconocida. Peso documental prorrateado 1.500 kg. EN EL ESTADO Y CONDICIONES QUE SE PRESENTAN."
283,05-34-0273-0283,COPOLÍMEROS  DE IMPACTO,Otros,Nueva,183000,36600,36600,Aduana de Valparaíso,Sitrans Almacenes Extraportuarios Ltda. (Curauma),2026-10-15 15:00,"01 (un) pallet conteniendo 60 (sesenta) sacos de 25 kg. Cada uno de copolímeros de impacto. Materia prima para la industria del plástico. El empaque y contenido son 100% reciclables. Variedad ods #4. origen Colombia, procedencia desconocida. Peso documental prorrateado 1.500 kg. EN EL ESTADO Y CONDICIONES QUE SE PRESENTAN."
284,05-34-0274-0284,MOTORES REDUCTORES INDUSTRIALES,Art. Eléctricos,Nueva,36000,7200,7200,Aduana de Valparaíso,Terminal Extraportuario Valparaíso S.A.,2026-10-15 15:00,"1 cartón, conteniendo: dos (02) unidades de motores reductores industriales, marcados “hord sistems”, año fabricación 2021, diseñados para aplicación de transmisión de potencia, modelo sk31lp/4bre5rg. Origen Alemania, procedencia desconocida. Peso verificado 33,71 kb. EN EL ESTADO Y CONDICIONES QUE SE PRESENTAN."
285,05-34-0275-0285,COPOLÍMEROS  DE IMPACTO,Otros,Nueva,183000,36600,36600,Aduana de Valparaíso,Sitrans Almacenes Extraportuarios Ltda. (Curauma),2026-10-15 15:00,"01 (un) pallet conteniendo 60 (sesenta) sacos de 25 kg. Cada uno de copolímeros de impacto. Materia prima para la industria del plástico. El empaque y contenido son 100% reciclables. Variedades ods #9 (58 sacos), ods #13 (2 sacos). origen Colombia, procedencia desconocida, Peso documental prorrateado 1.500 kg. EN EL ESTADO Y CONDICIONES QUE SE PRESENTAN."
286,05-34-0276-0286,COPOLÍMEROS  DE IMPACTO,Otros,Nueva,183000,36600,36600,Aduana de Valparaíso,Sitrans Almacenes Extraportuarios Ltda. (Curauma),2026-10-15 15:00,"01 (un) pallet conteniendo 60 (sesenta) sacos de 25 kg. Cada uno de copolímeros de impacto. Materia prima para la industria del plástico. El empaque y contenido son 100% reciclables. Variedad ods #4. , origen Colombia, procedencia desconocida. Peso documental prorrateado 1.500 kg. EN EL ESTADO Y CONDICIONES QUE SE PRESENTAN."
287,05-34-0277-0287,BOBINA DE PAPEL,Otros,Nueva,119000,23800,23800,Aduana de Valparaíso,Sitrans Almacenes Extraportuarios Ltda. (Curauma),2026-10-15 15:00,01 (una) bobina de papel color café código 540212. Medidas: 1.20 mt. Por aproximadamente 1.44 mts. De diámetro. Peso prorrateado 1.338.6 kg. Neto. Origen y procedencia Estados Unidos. EN EL ESTADO Y CONDICIONES QUE SE PRESENTAN.
288,05-34-0278-0288,BOBINA DE PAPEL,Otros,Nueva,119000,23800,23800,Aduana de Valparaíso,Sitrans Almacenes Extraportuarios Ltda. (Curauma),2026-10-15 15:00,01 (una) bobina de papel color café código 540234. Medidas: 1.20 mt. Por aproximadamente 1.44 mts. De diámetro. Peso prorrateado 1.338.6 kgs. Neto. Origen y procedencia desconocida. EN EL ESTADO Y CONDICIONES QUE SE PRESENTAN.
289,05-34-0279-0289,BOBINA DE PAPEL,Otros,Nueva,119000,23800,23800,Aduana de Valparaíso,Sitrans Almacenes Extraportuarios Ltda. (Curauma),2026-10-15 15:00,01 (una) bobina de papel color café código 540224. Medidas: 1.20 mt. Por aproximadamente 1.44 mts. De diámetro. Peso prorrateado 1.338.6 kg. Neto. Origen y procedencia desconocida. EN EL ESTADO Y CONDICIONES QUE SE PRESENTAN.
290,05-34-0280-0290,COPOLÍMEROS  DE IMPACTO,Otros,Nueva,183000,36600,36600,Aduana de Valparaíso,Sitrans Almacenes Extraportuarios Ltda. (Curauma),2026-10-15 15:00,"01 (un) pallet conteniendo 60 (sesenta) sacos de 25 kg. Cada uno de copolímeros de impacto. Materia prima para la industria del plástico. El empaque y contenido son 100% reciclables. Variedad ods #9. , origen Colombia, procedencia desconocida,. Peso documental prorrateado 1.500 kg. EN EL ESTADO Y CONDICIONES QUE SE PRESENTAN."
291,05-34-0281-0291,BOBINA DE PAPEL,Otros,Nueva,119000,23800,23800,Aduana de Valparaíso,Sitrans Almacenes Extraportuarios Ltda. (Curauma),2026-10-15 15:00,01 (una) bobina de papel color café código 538968. Medidas: 1.10 mt. Por aproximadamente 1.44 mts. De diámetro. Peso prorrateado 1.338.6 kg. Neto. Origen y procedencia desconocida. EN EL ESTADO Y CONDICIONES QUE SE PRESENTAN.
292,05-34-0282-0292,BOBINA DE PAPEL,Otros,Nueva,119000,23800,23800,Aduana de Valparaíso,Sitrans Almacenes Extraportuarios Ltda. (Curauma),2026-10-15 15:00,01 (una) bobina de papel color café código 540222. Medidas: 1.20 mt. Por aproximadamente 1.44 mts. De diámetro. Peso prorrateado 1.338.6 kg. Neto. Origen y procedencia desconocida. EN EL ESTADO Y CONDICIONES QUE SE PRESENTAN.
293,05-34-0283-0293,BOBINA DE PAPEL,Otros,Nueva,119000,23800,23800,Aduana de Valparaíso,Sitrans Almacenes Extraportuarios Ltda. (Curauma),2026-10-15 15:00,01 (una) bobina de papel color café código 540246. Medidas: 1.20 mt. Por aproximadamente 1.44 mts. De diámetro. Peso prorrateado 1.338.6 kg. Neto. Origen y procedencia desconocida. EN EL ESTADO Y CONDICIONES QUE SE PRESENTAN.
294,05-34-0284-0294,BOBINA DE PAPEL,Otros,Nueva,119000,23800,23800,Aduana de Valparaíso,Sitrans Almacenes Extraportuarios Ltda. (Curauma),2026-10-15 15:00,01 (una) bobina de papel color café código 540248. Medidas: 1.20 mt. Por aproximadamente 1.44 mts. De diámetro. Peso prorrateado 1.338.6 kg. Neto. Origen y procedencia desconocida. EN EL ESTADO Y CONDICIONES QUE SE PRESENTAN.
295,05-34-0285-0295,BOBINA DE PAPEL,Otros,Nueva,119000,23800,23800,Aduana de Valparaíso,Sitrans Almacenes Extraportuarios Ltda. (Curauma),2026-10-15 15:00,01 (una) bobina de papel color café código 540236. Medidas: 1.20 mt. Por aproximadamente 1.44 mts. De diámetro. Peso prorrateado 1.338.6 kg. Neto. Origen y procedencia desconocida. EN EL ESTADO Y CONDICIONES QUE SE PRESENTAN.
296,05-34-0286-0296,BOBINAS DE PAPEL,Otros,Nueva,119000,23800,23800,Aduana de Valparaíso,Sitrans Almacenes Extraportuarios Ltda. (Curauma),2026-10-15 15:00,02 (dos) bobinas de papel color café códigos 538910 y 538904. Medidas de cada una: 0.70 mt. Por aproximadamente 1.44 mts. De diámetro. Peso prorrateado 1.338.6 kg. Neto. Origen y procedencia desconocida. EN EL ESTADO Y CONDICIONES QUE SE PRESENTAN.
297,05-34-0287-0297,BOBINA DE PAPEL,Otros,Nueva,119000,23800,23800,Aduana de Valparaíso,Sitrans Almacenes Extraportuarios Ltda. (Curauma),2026-10-15 15:00,01 (una) bobina de papel color café código 538866. Medidas: 1.60 mt. Por aproximadamente 1.44 mts. De diámetro. Peso prorrateado 1.338.6 kg. Neto. Origen y procedencia desconocida. EN EL ESTADO Y CONDICIONES QUE SE PRESENTAN.
298,05-34-0288-0298,BOBINA DE PAPEL,Otros,Nueva,119000,23800,23800,Aduana de Valparaíso,Sitrans Almacenes Extraportuarios Ltda. (Curauma),2026-10-15 15:00,01 (una) bobina de papel color café código 538858. Medidas: 1.60 mt. Por aproximadamente 1.44 mts. De diámetro. Peso prorrateado 1.338.6 kg. Neto. Origen y procedencia desconocida. EN EL ESTADO Y CONDICIONES QUE SE PRESENTAN.
299,05-34-0289-0299,BOBINAS DE PAPEL,Otros,Nueva,119000,23800,23800,Aduana de Valparaíso,Sitrans Almacenes Extraportuarios Ltda. (Curauma),2026-10-15 15:00,02 (dos) bobinas de papel color café código 538896 y 538918. Medidas de cada una: 0.70 mt. Por aproximadamente 1.44 mts. De diámetro. Peso prorrateado 1.338.6 kg. Neto. Origen y procedencia desconocida. EN EL ESTADO Y CONDICIONES QUE SE PRESENTAN.
300,05-34-0290-0300,BOBINA DE PAPEL,Otros,Nueva,119000,23800,23800,Aduana de Valparaíso,Sitrans Almacenes Extraportuarios Ltda. (Curauma),2026-10-15 15:00,01 (una) bobina de papel color café código 538855. Medidas: 1.60 mt. Por aproximadamente 1.44 mts. De diámetro. Peso prorrateado 1.338.6 kg. Neto. Origen y procedencia desconocida. EN EL ESTADO Y CONDICIONES QUE SE PRESENTAN.
301,05-34-0291-0301,BOBINA DE PAPEL,Otros,Nueva,119000,23800,23800,Aduana de Valparaíso,Sitrans Almacenes Extraportuarios Ltda. (Curauma),2026-10-15 15:00,01 (una) bobina de papel color café código 538872. Medidas: 1.60 mt. Por aproximadamente 1.44 mts. De diámetro. Peso prorrateado 1.338.6 kg. Neto. Origen y procedencia desconocida. EN EL ESTADO Y CONDICIONES QUE SE PRESENTAN.
302,05-34-0292-0302,BOBINA DE PAPEL,Otros,Nueva,119000,23800,23800,Aduana de Valparaíso,Sitrans Almacenes Extraportuarios Ltda. (Curauma),2026-10-15 15:00,01 (una) bobina de papel color café código 536501. Medidas: 1.25 mt. Por aproximadamente 1.44 mts. De diámetro. Peso prorrateado 1.338.6 kg. Neto. Origen y procedencia desconocida. EN EL ESTADO Y CONDICIONES QUE SE PRESENTAN.
303,05-34-0293-0303,BOBINA DE PAPEL,Otros,Nueva,119000,23800,23800,Aduana de Valparaíso,Sitrans Almacenes Extraportuarios Ltda. (Curauma),2026-10-15 15:00,"01 (una) bobina de papel color café código 538966. Medidas: 1.10 mt. Por aproximadamente 1.44 mts. De diámetro. Peso prorrateado 1.338,6 kgs. Neto. Origen y procedencia desconocida. EN EL ESTADO Y CONDICIONES QUE SE PRESENTAN."
304,05-34-0294-0304,BOBINA DE PAPEL,Otros,Nueva,119000,23800,23800,Aduana de Valparaíso,Sitrans Almacenes Extraportuarios Ltda. (Curauma),2026-10-15 15:00,01 (una) bobina de papel color café código 500274. Medidas: 1.20 mt. X 1.45 mts. De diámetro. Peso prorrateado 1.420.5 kgs. Neto. Origen y procedencia desconocida. EN EL ESTADO Y CONDICIONES QUE SE PRESENTAN.
305,05-34-0295-0305,PLANCHAS DE ACERO LAMINADO  6MM,Materiales de Construcción,Nueva,766000,153200,153200,Aduana de Valparaíso,Terminal Portuario de Valparaíso,2026-10-15 15:00,"01 (un) bulto conteniendo dos (02) planchas de estructural de acero laminado, medidas: largos: 12 mts. Ancho: 2 mts. Espesor: 6 mm. Mercancía nueva y de grandes dimensiones, oxidada. Origen y procedencia desconocida. Peso: 2.197,32 kilos bruto prorrateado conforme al peso documental indicado en papeleta de recepción del almacenista , (se aplica capítulo ii, numeral 2.7.2, inciso segundo, resolución N° 854/2018 DNA). Costo de transporte y movimiento de carga es por cuenta del adjudicatario. EN EL ESTADO Y CONDICIONES QUE SE PRESENTAN."
306,05-34-0296-0306,PLANCHAS DE ACERO LAMINADO  6MM,Materiales de Construcción,Nueva,766000,153200,153200,Aduana de Valparaíso,Terminal Portuario de Valparaíso,2026-10-15 15:00,"01 (un) bulto conteniendo dos (02) planchas de estructural de acero laminado, medidas: largos: 12 mts. Ancho: 2 mts. Espesor: 6 mm. Mercancía nueva y de grandes dimensiones, oxidada. Origen y procedencia desconocida. Peso: 2.197,32 kilos bruto prorrateado conforme al peso documental indicado en papeleta de recepción del almacenista , (se aplica capítulo ii, numeral 2.7.2, inciso segundo, resolución N° 854/2018 DNA). Costo de transporte y movimiento de carga es por cuenta del adjudicatario. EN EL ESTADO Y CONDICIONES QUE SE PRESENTAN."
307,05-34-0297-0307,PLANCHAS DE ACERO LAMINADO 6MM,Materiales de Construcción,Nueva,1148000,229600,229600,Aduana de Valparaíso,Terminal Portuario de Valparaíso,2026-10-15 15:00,"01 (un) bulto conteniendo tres (03) planchas de estructural de acero laminado, medidas: largos: 12 mts. Ancho: 2 mts. Espesor: 6 mm. Mercancía nueva y de grandes dimensiones, oxidada. Origen y procedencia desconocida. Peso: 3.295,98 kilos bruto prorrateado conforme al peso documental indicado en papeleta de recepción del almacenista , (se aplica capítulo ii, numeral 2.7.2, inciso segundo, resolución N° 854/2018 DNA). Costo de transporte y movimiento de carga es por cuenta del adjudicatario. EN EL ESTADO Y CONDICIONES QUE SE PRESENTAN."
308,05-34-0298-0308,PLANCHAS DE ACERO LAMINADO 8MM,Materiales de Construcción,Nueva,1021000,204200,204200,Aduana de Valparaíso,Terminal Portuario de Valparaíso,2026-10-15 15:00,"01 (un) bulto conteniendo dos (02) planchas de estructural de acero laminado, medidas: largos: 12 mts. Ancho: 2 mts. Espesor: 8 mm. Mercancía nueva y de grandes dimensiones, oxidada. Origen y procedencia desconocida. Peso: 2.929,76 kilos bruto prorrateado conforme al peso documental indicado en papeleta de recepción del almacenista , (se aplica capítulo ii, numeral 2.7.2, inciso segundo, resolución N° 854/2018 DNA). Costo de transporte y movimiento de carga es por cuenta del adjudicatario. EN EL ESTADO Y CONDICIONES QUE SE PRESENTAN."
309,05-34-0299-0309,BOBINA DE PAPEL,Otros,Nueva,119000,23800,23800,Aduana de Valparaíso,Sitrans Almacenes Extraportuarios Ltda. (Curauma),2026-10-15 15:00,01 (una) bobina de papel color café código 538982. Medidas: 1.10 mt. X 1.36 mts. De diámetro. Peso prorrateado 1.420.5 kg. Neto. Origen y procedencia desconocida. EN EL ESTADO Y CONDICIONES QUE SE PRESENTAN.
310,05-34-0300-0310,PLANCHAS DE ACERO LAMINADO 8MM,Materiales de Construcción,Nueva,1021000,204200,204200,Aduana de Valparaíso,Terminal Portuario de Valparaíso,2026-10-15 15:00,"01 (un) bulto conteniendo dos (02) planchas de estructural de acero laminado, medidas: largos: 12 mts. Ancho: 2 mts. Espesor: 8 mm. Mercancía nueva y de grandes dimensiones, oxidada. Origen y procedencia desconocida. Peso: 2.929,76 kilos bruto prorrateado conforme al peso documental indicado en papeleta de recepción del almacenista , (se aplica capítulo ii, numeral 2.7.2, inciso segundo, resolución N° 854/2018 DNA). Costo de transporte y movimiento de carga es por cuenta del adjudicatario. EN EL ESTADO Y CONDICIONES QUE SE PRESENTAN."
311,05-34-0301-0311,PLANCHAS DE ACERO LAMINADO 8MM,Materiales de Construcción,Nueva,1021000,204200,204200,Aduana de Valparaíso,Terminal Portuario de Valparaíso,2026-10-15 15:00,"01 (un) bulto conteniendo dos (02) planchas de estructural de acero laminado, medidas: largos: 12 mts. Ancho: 2 mts. Espesor: 8 mm. Mercancía nueva y de grandes dimensiones, oxidada. Origen y procedencia desconocida. Peso: 2.929,76 kilos bruto prorrateado conforme al peso documental indicado en papeleta de recepción del almacenista, (se aplica capítulo ii, numeral 2.7.2, inciso segundo, resolución N° 854/2018 DNA). Costo de transporte y movimiento de carga es por cuenta del adjudicatario. EN EL ESTADO Y CONDICIONES QUE SE PRESENTAN."
312,05-34-0302-0312,PLANCHAS DE ACERO LAMINADO 8MM,Materiales de Construcción,Nueva,1021000,204200,204200,Aduana de Valparaíso,Terminal Portuario de Valparaíso,2026-10-15 15:00,"01 (un) bulto conteniendo dos (02) planchas de estructural de acero laminado, medidas: largos: 12 mts. Ancho: 2 mts. Espesor: 8 mm. Mercancía nueva y de grandes dimensiones, oxidada. Origen y procedencia desconocida. Peso: 2.929,76 kilos bruto prorrateado conforme al peso documental indicado en papeleta de recepción del almacenista , (se aplica capítulo ii, numeral 2.7.2, inciso segundo, resolución N° 854/2018 DNA). Costo de transporte y movimiento de carga es por cuenta del adjudicatario. EN EL ESTADO Y CONDICIONES QUE SE PRESENTAN."
313,05-34-0303-0313,BOBINA DE PAPEL,Otros,Nueva,119000,23800,23800,Aduana de Valparaíso,Sitrans Almacenes Extraportuarios Ltda. (Curauma),2026-10-15 15:00,01 (una) bobina de papel color café código 540282. Medidas: 1.20 mt. X 1.43 mts. De diámetro. Peso prorrateado 1.420.5 kg. Neto. Origen y procedencia desconocida. EN EL ESTADO Y CONDICIONES QUE SE PRESENTAN.
314,05-34-0304-0314,PLANCHAS DE ACERO LAMINADO 8MM,Materiales de Construcción,Nueva,1021000,204200,204200,Aduana de Valparaíso,Terminal Portuario de Valparaíso,2026-10-15 15:00,"01 (un) bulto conteniendo dos (02) planchas de estructural de acero laminado, medidas: largos: 12 mts. Ancho: 2 mts. Espesor: 8 mm. Mercancía nueva y de grandes dimensiones, oxidada. Origen y procedencia desconocida. Peso: 2.929,76 kilos bruto prorrateado conforme al peso documental indicado en papeleta de recepción del almacenista , (se aplica capítulo ii, numeral 2.7.2, inciso segundo, resolución N° 854/2018 DNA). Costo de transporte y movimiento de carga es por cuenta del adjudicatario. EN EL ESTADO Y CONDICIONES QUE SE PRESENTAN."
315,05-34-0305-0315,PLANCHAS DE ACERO LAMINADO 8MM,Materiales de Construcción,Nueva,1021000,204200,204200,Aduana de Valparaíso,Terminal Portuario de Valparaíso,2026-10-15 15:00,"01 (un) bulto conteniendo dos (02) planchas de estructural de acero laminado, medidas: largos: 12 mts. Ancho: 2 mts. Espesor: 8 mm. Mercancía nueva y de grandes dimensiones, oxidada. Origen y procedencia desconocida. Peso: 2.929,76 kilos bruto prorrateado conforme al peso documental indicado en papeleta de recepción del almacenista , (se aplica capítulo ii, numeral 2.7.2, inciso segundo, resolución N° 854/2018 DNA). Costo de transporte y movimiento de carga es por cuenta del adjudicatario. EN EL ESTADO Y CONDICIONES QUE SE PRESENTAN."
316,05-34-0306-0316,PLANCHAS DE ACERO LAMINADO 8MM,Materiales de Construcción,Nueva,1021000,204200,204200,Aduana de Valparaíso,Terminal Portuario de Valparaíso,2026-10-15 15:00,"01 (un) bulto conteniendo dos (02) planchas de estructural de acero laminado, medidas: largos: 12 mts. Ancho: 2 mts. Espesor: 8 mm. Mercancía nueva y de grandes dimensiones, oxidada. Origen y procedencia desconocida. Peso: 2.929,76 kilos bruto prorrateado conforme al peso documental indicado en papeleta de recepción del almacenista , (se aplica capítulo ii, numeral 2.7.2, inciso segundo, resolución N° 854/2018 DNA). Costo de transporte y movimiento de carga es por cuenta del adjudicatario. EN EL ESTADO Y CONDICIONES QUE SE PRESENTAN."
317,05-34-0307-0317,PLANCHAS DE ACERO LAMINADO 8MM,Materiales de Construcción,Nueva,1021000,204200,204200,Aduana de Valparaíso,Terminal Portuario de Valparaíso,2026-10-15 15:00,"01 (un) bulto conteniendo dos (02) planchas de estructural de acero laminado, medidas: largos: 12 mts. Ancho: 2 mts. Espesor: 8 mm. Mercancía nueva y de grandes dimensiones, oxidada. Origen y procedencia desconocida. Peso: 2.929,76 kilos bruto prorrateado conforme al peso documental indicado en papeleta de recepción del almacenista , (se aplica capítulo ii, numeral 2.7.2, inciso segundo, resolución N° 854/2018 DNA). Costo de transporte y movimiento de carga es por cuenta del adjudicatario. EN EL ESTADO Y CONDICIONES QUE SE PRESENTAN."
318,05-34-0308-0318,PLANCHAS DE ACERO LAMINADO 8MM,Materiales de Construcción,Nueva,1021000,204200,204200,Aduana de Valparaíso,Terminal Portuario de Valparaíso,2026-10-15 16:00,"01 (un) bulto conteniendo dos (02) planchas de estructural de acero laminado, medidas: largos: 12 mts. Ancho: 2 mts. Espesor: 8 mm. Mercancía nueva y de grandes dimensiones, oxidada. Origen y procedencia desconocida. Peso: 2.929,76 kilos bruto prorrateado conforme al peso documental indicado en papeleta de recepción del almacenista , (se aplica capítulo ii, numeral 2.7.2, inciso segundo, resolución N° 854/2018 DNA). Costo de transporte y movimiento de carga es por cuenta del adjudicatario. EN EL ESTADO Y CONDICIONES QUE SE PRESENTAN."
319,05-34-0309-0319,PLANCHAS DE ACERO LAMINADO 8MM,Materiales de Construcción,Nueva,1021000,204200,204200,Aduana de Valparaíso,Terminal Portuario de Valparaíso,2026-10-15 16:00,"01 (un) bulto conteniendo dos (02) planchas de estructural de acero laminado, medidas: largos: 12 mts. Ancho: 2 mts. Espesor: 8 mm. Mercancía nueva y de grandes dimensiones, oxidada. Origen y procedencia desconocida. Peso: 2.929,76 kilos bruto prorrateado conforme al peso documental indicado en papeleta de recepción del almacenista , (se aplica capítulo ii, numeral 2.7.2, inciso segundo, resolución N° 854/2018 DNA). Costo de transporte y movimiento de carga es por cuenta del adjudicatario. EN EL ESTADO Y CONDICIONES QUE SE PRESENTAN."
320,05-34-0310-0320,BOBINA DE PAPEL,Otros,Nueva,119000,23800,23800,Aduana de Valparaíso,Sitrans Almacenes Extraportuarios Ltda. (Curauma),2026-10-15 16:00,01 (una) bobina de papel color café código 538984. Medidas: 1.11 mts. X 1.38 mts. De diámetro. Peso prorrateado 1.420.5 kg. Neto. Origen y procedencia desconocida. EN EL ESTADO Y CONDICIONES QUE SE PRESENTAN.
321,05-34-0311-0321,BOBINA DE PAPEL,Otros,Nueva,119000,23800,23800,Aduana de Valparaíso,Sitrans Almacenes Extraportuarios Ltda. (Curauma),2026-10-15 16:00,01 (una) bobina de papel color café código 538864. Medidas: 1.60 mt. X 1.33 mts. De diámetro. Peso prorrateado 1.420.5 kg. Neto. Origen y procedencia desconocida. EN EL ESTADO Y CONDICIONES QUE SE PRESENTAN.
322,05-34-0312-0322,BOBINAS DE PAPEL,Otros,Nueva,119000,23800,23800,Aduana de Valparaíso,Sitrans Almacenes Extraportuarios Ltda. (Curauma),2026-10-15 16:00,"02 (dos) bobinas de papel color café código 538916 medidas: 71 cms. X 140 cms. De diámetro, código 538914 medidas: 70 cms. X 1.37 mts. De diámetro. Peso prorrateado del lote 1420.5 kg. Neto. Origen y procedencia desconocida. EN EL ESTADO Y CONDICIONES QUE SE PRESENTAN."
323,05-34-0313-0323,PLANCHAS DE ACERO LAMINADO 8MM,Materiales de Construcción,Nueva,1021000,204200,204200,Aduana de Valparaíso,Terminal Portuario de Valparaíso,2026-10-15 16:00,"01 (un) bulto conteniendo dos (02) planchas de estructural de acero laminado, medidas: largos: 12 mts. Ancho: 2 mts. Espesor: 8 mm. Mercancía nueva y de grandes dimensiones, oxidada. Origen y procedencia desconocida. Peso: 2.929,76 kilos bruto prorrateado conforme al peso documental indicado en papeleta de recepción del almacenista , (se aplica capítulo ii, numeral 2.7.2, inciso segundo, resolución N° 854/2018 DNA). Costo de transporte y movimiento de carga es por cuenta del adjudicatario. EN EL ESTADO Y CONDICIONES QUE SE PRESENTAN."
324,05-34-0314-0324,PLANCHAS DE ACERO LAMINADO 8MM,Materiales de Construcción,Nueva,1021000,204200,204200,Aduana de Valparaíso,Terminal Portuario de Valparaíso,2026-10-15 16:00,"01 (un) bulto conteniendo dos (02) planchas de estructural de acero laminado, medidas: largos: 12 mts. Ancho: 2 mts. Espesor: 8 mm. Mercancía nueva y de grandes dimensiones, oxidada. Origen y procedencia desconocida. Peso: 2.929,76 kilos bruto prorrateado conforme al peso documental indicado en papeleta de recepción del almacenista , (se aplica capítulo ii, numeral 2.7.2, inciso segundo, resolución N° 854/2018 DNA). Costo de transporte y movimiento de carga es por cuenta del adjudicatario. EN EL ESTADO Y CONDICIONES QUE SE PRESENTAN."
325,05-34-0315-0325,PLANCHAS DE ACERO LAMINADO 8MM,Materiales de Construcción,Nueva,1021000,204200,204200,Aduana de Valparaíso,Terminal Portuario de Valparaíso,2026-10-15 16:00,"01 (un) bulto conteniendo dos (02) planchas de estructural de acero laminado, medidas: largos: 12 mts. Ancho: 2 mts. Espesor: 8 mm. Mercancía nueva y de grandes dimensiones, oxidada. Origen y procedencia desconocida. Peso: 2.929,76 kilos bruto prorrateado conforme al peso documental indicado en papeleta de recepción del almacenista , (se aplica capítulo ii, numeral 2.7.2, inciso segundo, resolución N° 854/2018 DNA). Costo de transporte y movimiento de carga es por cuenta del adjudicatario. EN EL ESTADO Y CONDICIONES QUE SE PRESENTAN."
326,05-34-0316-0326,PLANCHAS DE ACERO LAMINADO 8MM,Materiales de Construcción,Nueva,1021000,204200,204200,Aduana de Valparaíso,Terminal Portuario de Valparaíso,2026-10-15 16:00,"01 (un) bulto conteniendo dos (02) planchas de estructural de acero laminado, medidas: largos: 12 mts. Ancho: 2 mts. Espesor: 8 mm. Mercancía nueva y de grandes dimensiones, oxidada. Origen y procedencia desconocida. Peso: 2.929,76 kilos bruto prorrateado conforme al peso documental indicado en papeleta de recepción del almacenista , (se aplica capítulo ii, numeral 2.7.2, inciso segundo, resolución N° 854/2018 DNA). Costo de transporte y movimiento de carga es por cuenta del adjudicatario. EN EL ESTADO Y CONDICIONES QUE SE PRESENTAN."
327,05-34-0317-0327,PLANCHAS DE ACERO LAMINADO 8MM,Materiales de Construcción,Nueva,1021000,204200,204200,Aduana de Valparaíso,Terminal Portuario de Valparaíso,2026-10-15 16:00,"01 (un) bulto conteniendo dos (02) planchas de estructural de acero laminado, medidas: largos: 12 mts. Ancho: 2 mts. Espesor: 8 mm. Mercancía nueva y de grandes dimensiones, oxidada. Origen y procedencia desconocida. Peso: 2.929,76 kilos bruto prorrateado conforme al peso documental indicado en papeleta de recepción del almacenista , (se aplica capítulo ii, numeral 2.7.2, inciso segundo, resolución N° 854/2018 DNA). Costo de transporte y movimiento de carga es por cuenta del adjudicatario. EN EL ESTADO Y CONDICIONES QUE SE PRESENTAN."
328,05-34-0318-0328,PLANCHAS DE ACERO LAMINADO 6MM,Materiales de Construcción,Nueva,938000,187600,187600,Aduana de Valparaíso,Terminal Portuario de Valparaíso,2026-10-15 16:00,"01 (un) bulto conteniendo dos (02) planchas de estructural de acero laminado, medidas: largos: 12 mts. Ancho: 2,45 mts. Espesor: 6 mm. Mercancía nueva y de grandes dimensiones, oxidada. Origen y procedencia desconocida. Peso: 2.691,72 kilos bruto prorrateado conforme al peso documental indicado en papeleta de recepción del almacenista , (se aplica capítulo ii, numeral 2.7.2, inciso segundo, resolución N° 854/2018 DNA). Costo de transporte y movimiento de carga es por cuenta del adjudicatario. EN EL ESTADO Y CONDICIONES QUE SE PRESENTAN."
329,05-34-0319-0329,PLANCHAS DE ACERO LAMINADO 6MM,Materiales de Construcción,Nueva,938000,187600,187600,Aduana de Valparaíso,Terminal Portuario de Valparaíso,2026-10-15 16:00,"01 (un) bulto conteniendo dos (02) planchas de estructural de acero laminado, medidas: largos: 12 mts. Ancho: 2,45 mts. Espesor: 6 mm. Mercancía nueva y de grandes dimensiones, oxidada. Origen y procedencia desconocida. Peso: 2.691,72 kilos bruto prorrateado conforme al peso documental indicado en papeleta de recepción del almacenista , (se aplica capítulo ii, numeral 2.7.2, inciso segundo, resolución N° 854/2018 DNA). Costo de transporte y movimiento de carga es por cuenta del adjudicatario. EN EL ESTADO Y CONDICIONES QUE SE PRESENTAN."
330,05-34-0320-0330,PLANCHAS DE ACERO LAMINADO 6MM,Materiales de Construcción,Nueva,938000,187600,187600,Aduana de Valparaíso,Terminal Portuario de Valparaíso,2026-10-15 16:00,"01 (un) bulto conteniendo dos (02) planchas de estructural de acero laminado, medidas: largos: 12 mts. Ancho: 2,45 mts. Espesor: 6 mm. Mercancía nueva y de grandes dimensiones, oxidada. Origen y procedencia desconocida. Peso: 2.691,72 kilos bruto prorrateado conforme al peso documental indicado en papeleta de recepción del almacenista , (se aplica capítulo ii, numeral 2.7.2, inciso segundo, resolución N° 854/2018 DNA). Costo de transporte y movimiento de carga es por cuenta del adjudicatario. EN EL ESTADO Y CONDICIONES QUE SE PRESENTAN."
331,05-34-0321-0331,PLANCHAS DE ACERO LAMINADO 6MM,Materiales de Construcción,Nueva,938000,187600,187600,Aduana de Valparaíso,Terminal Portuario de Valparaíso,2026-10-15 16:00,"01 (un) bulto conteniendo dos (02) planchas de estructural de acero laminado, medidas: largos: 12 mts. Ancho: 2,45 mts. Espesor: 6 mm. Mercancía nueva y de grandes dimensiones, oxidada. Origen y procedencia desconocida. Peso: 2.691,72 kilos bruto prorrateado conforme al peso documental indicado en papeleta de recepción del almacenista (se aplica capítulo ii, numeral 2.7.2, inciso segundo, resolución N° 854/2018 DNA). Costo de transporte y movimiento de carga es por cuenta del adjudicatario. EN EL ESTADO Y CONDICIONES QUE SE PRESENTAN."
332,05-34-0322-0332,PLANCHAS DE ACERO LAMINADO 6MM,Materiales de Construcción,Nueva,938000,187600,187600,Aduana de Valparaíso,Terminal Portuario de Valparaíso,2026-10-15 16:00,"01 (un) bulto conteniendo dos (02) planchas de estructural de acero laminado, medidas: largos: 12 mts. Ancho: 2,45 mts. Espesor: 6 mm. Mercancía nueva y de grandes dimensiones, oxidada. Origen y procedencia desconocida. Peso: 2.691,72 kilos bruto prorrateado conforme al peso documental indicado en papeleta de recepción del almacenista (se aplica capítulo ii, numeral 2.7.2, inciso segundo, resolución N° 854/2018 DNA). Costo de transporte y movimiento de carga es por cuenta del adjudicatario. EN EL ESTADO Y CONDICIONES QUE SE PRESENTAN."
333,05-34-0323-0333,PLANCHAS DE ACERO LAMINADO 6MM,Materiales de Construcción,Nueva,938000,187600,187600,Aduana de Valparaíso,Terminal Portuario de Valparaíso,2026-10-15 16:00,"01 (un) bulto conteniendo dos (02) planchas de estructural de acero laminado, medidas: largos: 12 mts. Ancho: 2,45 mts. Espesor: 6 mm. Mercancía nueva y de grandes dimensiones, oxidada. Origen y procedencia desconocida. Peso: 2.691,72 kilos bruto prorrateado conforme al peso documental indicado en papeleta de recepción del almacenista , (se aplica capítulo ii, numeral 2.7.2, inciso segundo, resolución N° 854/2018 DNA). Costo de transporte y movimiento de carga es por cuenta del adjudicatario. EN EL ESTADO Y CONDICIONES QUE SE PRESENTAN."
334,05-34-0324-0334,PLANCHAS DE ACERO LAMINADO 6MM,Materiales de Construcción,Nueva,938000,187600,187600,Aduana de Valparaíso,Terminal Portuario de Valparaíso,2026-10-15 16:00,"01 (un) bulto conteniendo dos (02) planchas de estructural de acero laminado, medidas: largos: 12 mts. Ancho: 2,45 mts. Espesor: 6 mm. Mercancía nueva y de grandes dimensiones, oxidada. Origen y procedencia desconocida. Peso: 2.691,72 kilos bruto prorrateado conforme al peso documental indicado en papeleta de recepción del almacenista , (se aplica capítulo ii, numeral 2.7.2, inciso segundo, resolución N° 854/2018 DNA). Costo de transporte y movimiento de carga es por cuenta del adjudicatario. EN EL ESTADO Y CONDICIONES QUE SE PRESENTAN."
335,05-34-0325-0335,PLANCHAS DE ACERO LAMINADO 6MM,Materiales de Construcción,Nueva,938000,187600,187600,Aduana de Valparaíso,Terminal Portuario de Valparaíso,2026-10-15 16:00,"01 (un) bulto conteniendo dos (02) planchas de estructural de acero laminado, medidas: largos: 12 mts. Ancho: 2,45 mts. Espesor: 6 mm. Mercancía nueva y de grandes dimensiones, oxidada. Origen y procedencia desconocida. Peso: 2.691,72 kilos bruto prorrateado conforme al peso documental indicado en papeleta de recepción del almacenista (se aplica capítulo ii, numeral 2.7.2, inciso segundo, resolución N° 854/2018 DNA). Costo de transporte y movimiento de carga es por cuenta del adjudicatario. EN EL ESTADO Y CONDICIONES QUE SE PRESENTAN."
336,05-34-0326-0336,PLANCHAS DE ACERO LAMINADO 6MM,Materiales de Construcción,Nueva,1407000,281400,281400,Aduana de Valparaíso,Terminal Portuario de Valparaíso,2026-10-15 16:00,"01 (un) bulto conteniendo tres (03) planchas de estructural de acero laminado, medidas: largos: 12 mts. Ancho: 2,45 mts. Espesor: 6 mm. Mercancía nueva y de grandes dimensiones, oxidada. Origen y procedencia desconocida. Peso: 4.037,57 kilos bruto prorrateado conforme al peso documental indicado en papeleta de recepción del almacenista (se aplica capítulo ii, numeral 2.7.2, inciso segundo, resolución N° 854/2018 DNA). Costo de transporte y movimiento de carga es por cuenta del adjudicatario. EN EL ESTADO Y CONDICIONES QUE SE PRESENTAN."
337,05-34-0327-0337,BOBINA DE PAPEL,Otros,Nueva,119000,23800,23800,Aduana de Valparaíso,Sitrans Almacenes Extraportuarios Ltda. (Curauma),2026-10-15 16:00,01 (una) bobina de papel color café código 540298. Medidas: 1.20 mts. X 1.45 mts. De diámetro. Peso prorrateado 1.420.5 kg. Neto. Origen y procedencia desconocida. EN EL ESTADO Y CONDICIONES QUE SE PRESENTAN.
338,05-34-0328-0338,PLANCHAS DE ACERO LAMINADO 10MM,Materiales de Construcción,Nueva,781000,156200,156200,Aduana de Valparaíso,Terminal Portuario de Valparaíso,2026-10-15 16:00,"01 (un) bulto conteniendo una (01) planchas de estructural de acero laminado, medidas: largos: 12 mts. Ancho: 2,45 mts. Espesor: 10 mm. Mercancía nueva y de grandes dimensiones, oxidada. Origen y procedencia desconocida. Peso: 2.243,10 kilos bruto prorrateado conforme al peso documental indicado en papeleta de recepción del almacenista , (se aplica capítulo ii, numeral 2.7.2, inciso segundo, resolución N° 854/2018 DNA). Costo de transporte y movimiento de carga es por cuenta del adjudicatario. EN EL ESTADO Y CONDICIONES QUE SE PRESENTAN."
339,05-34-0329-0339,BOBINA DE PAPEL,Otros,Nueva,119000,23800,23800,Aduana de Valparaíso,Sitrans Almacenes Extraportuarios Ltda. (Curauma),2026-10-15 16:00,01 (una) bobina de papel color café código 540296. Medidas: 1.21 mts. X 1.44 mts. De diámetro. Peso prorrateado 1.420.5 kg. Neto. Origen y procedencia desconocida. EN EL ESTADO Y CONDICIONES QUE SE PRESENTAN.
340,05-34-0330-0340,PLANCHAS DE ACERO LAMINADO 12MM,Materiales de Construcción,Nueva,1876000,375200,375200,Aduana de Valparaíso,Terminal Portuario de Valparaíso,2026-10-15 16:00,"01 (un) bulto conteniendo dos (02) planchas de estructural de acero laminado, medidas: largos: 12 mts. Ancho: 2,45 mts. Espesor: 12 mm. Mercancía nueva y de grandes dimensiones, oxidada. Origen y procedencia desconocida. Peso: 5.383,43 kilos bruto prorrateado conforme al peso documental indicado en papeleta de recepción del almacenista , (se aplica capítulo ii, numeral 2.7.2, inciso segundo, resolución N° 854/2018 DNA). Costo de transporte y movimiento de carga es por cuenta del adjudicatario. EN EL ESTADO Y CONDICIONES QUE SE PRESENTAN."
341,05-34-0331-0341,PLANCHAS DE ACERO LAMINADO 12MM,Materiales de Construcción,Nueva,1876000,375200,375200,Aduana de Valparaíso,Terminal Portuario de Valparaíso,2026-10-15 16:00,"01 (un) bulto conteniendo dos (02) planchas de estructural de acero laminado, medidas: largos: 12 mts. Ancho: 2,45 mts. Espesor: 12 mm. Mercancía nueva y de grandes dimensiones, oxidada. Origen y procedencia desconocida. Peso: 5.383,43 kilos bruto prorrateado conforme al peso documental indicado en papeleta de recepción del almacenista (se aplica capítulo ii, numeral 2.7.2, inciso segundo, resolución n° 854/2018 dna). Costo de transporte y movimiento de carga es por cuenta del adjudicatario. EN EL ESTADO Y CONDICIONES QUE SE PRESENTAN."
342,05-34-0332-0342,PLANCHAS DE ACERO LAMINADO 12 MM,Materiales de Construcción,Nueva,1876000,375200,375200,Aduana de Valparaíso,Terminal Portuario de Valparaíso,2026-10-15 16:00,"01 (un) bulto conteniendo dos (02) planchas de estructural de acero laminado, medidas: largos: 12 mts. Ancho: 2,45 mts. Espesor: 12 mm. Mercancía nueva y de grandes dimensiones, oxidada. Origen y procedencia desconocida. Peso: 5.383,43 kilos bruto prorrateado conforme al peso documental indicado en papeleta de recepción del almacenista , (se aplica capítulo ii, numeral 2.7.2, inciso segundo, resolución N° 854/2018 DNA). Costo de transporte y movimiento de carga es por cuenta del adjudicatario. EN EL ESTADO Y CONDICIONES QUE SE PRESENTAN."
343,05-34-0333-0343,PLANCHAS DE ACERO LAMINADO 12MM,Materiales de Construcción,Nueva,1876000,375200,375200,Aduana de Valparaíso,Terminal Portuario de Valparaíso,2026-10-15 16:00,"01 (un) bulto conteniendo dos (02) planchas de estructural de acero laminado, medidas: largos: 12 mts. Ancho: 2,45 mts. Espesor: 12 mm. Mercancía nueva y de grandes dimensiones, oxidada. Origen y procedencia desconocida. Peso: 5.383,43 kilos bruto prorrateado conforme al peso documental indicado en papeleta de recepción del almacenista (se aplica capítulo ii, numeral 2.7.2, inciso segundo, resolución N° 854/2018 DNA). Costo de transporte y movimiento de carga es por cuenta del adjudicatario. EN EL ESTADO Y CONDICIONES QUE SE PRESENTAN."
344,05-34-0334-0344,BOBINA DE PAPEL,Otros,Nueva,119000,23800,23800,Aduana de Valparaíso,Sitrans Almacenes Extraportuarios Ltda. (Curauma),2026-10-15 16:00,01 (una) bobina de papel color café código 538865. Medidas: 1.60 mt. X 1.35 mts. De diámetro. Peso prorrateado 1.420.5 kg. Neto. Origen y procedencia desconocida. EN EL ESTADO Y CONDICIONES QUE SE PRESENTAN.
345,05-34-0335-0345,PLANCHAS DE ACERO LAMINADO 12MM,Materiales de Construcción,Nueva,2813000,562600,562600,Aduana de Valparaíso,Terminal Portuario de Valparaíso,2026-10-15 16:00,"01 (un) bulto conteniendo tres (03) planchas de estructural de acero laminado, medidas: largos: 12 mts. Ancho: 2,45 mts. Espesor: 12 mm. Mercancía nueva y de grandes dimensiones, oxidada. Origen y procedencia desconocida. Peso: 8.075,15 kilos bruto prorrateado conforme al peso documental indicado en papeleta de recepción del almacenista , (se aplica capítulo ii, numeral 2.7.2, inciso segundo, resolución N° 854/2018 DNA). Costo de transporte y movimiento de carga es por cuenta del adjudicatario. EN EL ESTADO Y CONDICIONES QUE SE PRESENTAN."
346,05-34-0336-0346,PLANCHAS DE ACERO LAMINADO DE 38MM,Materiales de Construcción,Nueva,2970000,594000,594000,Aduana de Valparaíso,Terminal Portuario de Valparaíso,2026-10-15 16:00,"01 (un) bulto conteniendo una (01) planchas de estructural de acero laminado, medidas: largos: 12 mts. Ancho: 2,45 mts. Espesor: 38 mm. Mercancía nueva y de grandes dimensiones, oxidada. Origen y procedencia desconocida. Peso: 8.523,76 kilos bruto prorrateado conforme al peso documental indicado en papeleta de recepción del almacenista , (se aplica capítulo ii, numeral 2.7.2, inciso segundo, resolución N° 854/2018 DNA). Costo de transporte y movimiento de carga es por cuenta del adjudicatario. EN EL ESTADO Y CONDICIONES QUE SE PRESENTAN."
347,05-34-0337-0347,BOBINA DE PAPEL,Otros,Nueva,119000,23800,23800,Aduana de Valparaíso,Sitrans Almacenes Extraportuarios Ltda. (Curauma),2026-10-15 16:00,01 (una) bobina de papel color café código 540294. Medidas: 1.21 mts. X 1.42 mts. De diámetro. Peso prorrateado 1.420.5 kg. Neto. Origen y procedencia desconocida. EN EL ESTADO Y CONDICIONES QUE SE PRESENTAN.
348,05-34-0338-0348,BOBINA DE PAPEL,Otros,Nueva,119000,23800,23800,Aduana de Valparaíso,Sitrans Almacenes Extraportuarios Ltda. (Curauma),2026-10-15 16:00,01 (una) bobina de papel color café código 540276. Medidas: 1.21 mts. X 1.44 mts. De diámetro. Peso prorrateado 1.420.5 kg. Neto. Origen y procedencia desconocida. EN EL ESTADO Y CONDICIONES QUE SE PRESENTAN.
349,05-39-0391-0349,ROLLOS DE ALAMBRE CON PÚAS GALVANIZADO,Otros,Nueva,167000,33400,33400,Aduana de San Antonio,Particular,2026-10-15 16:00,"36 (treinta y seis) rollos de alambre con púas galvanizado triple - clase 3 marca montana (canales) con un largo de 500 mts. (quinientos), capa de zinc mínima > 240 g/m2, número de alambre 16 peso aproximado 22,5 kg, según descripción en cada rollo, origen Chino. EN EL ESTADO Y CONDICIONES QUE SE PRESENTAN."
350,05-39-0392-0350,ROLLOS DE ALAMBRE CON PÚAS GALVANIZADO,Materiales de Construcción,Nueva,167000,33400,33400,Aduana de San Antonio,Particular,2026-10-15 16:00,"36 (treinta y seis) rollos de alambre con púas galvanizado triple - clase 3 con un largo de 500 mts. (quinientos), capa de zinc mínima > 240 g/m2, número de alambre 16, peso aproximado 22,5 kg, según descripción en cada rollo, origen China, procedencia China. EN EL ESTADO Y CONDICIONES QUE SE PRESENTAN."
351,05-39-0393-0351,ROLLOS DE ALAMBRE CON PÚAS GALVANIZADO,Materiales de Construcción,Nueva,167000,33400,33400,Aduana de San Antonio,Particular,2026-10-15 16:00,"Descripción:36 (treinta y seis) rollos de alambre con púas galvanizado triple - clase 3 con un largo de 500 mts. (quinientos), capa de zinc mínima > 240 g/m2, número de alambre 16, peso aproximado 22,5 kg, según descripción en cada rollo. Origen China, procedencia China. EN EL ESTADO Y CONDICIONES QUE SE PRESENTAN."
352,05-39-0394-0352,ROLLOS DE ALAMBRE CON PÚAS GALVANIZADO,Materiales de Construcción,Nueva,167000,33400,33400,Aduana de San Antonio,Particular,2026-10-15 16:00,"Descripción:36 (treinta y seis) rollos de alambre con púas galvanizado triple - clase 3 con un largo de 500 mts. (quinientos), capa de zinc mínima > 240 g/m2, número de alambre 16, peso aproximado 22,5 kg, según descripción en cada rollo. Origen China, procedencia China. EN EL ESTADO Y CONDICIONES QUE SE PRESENTAN."
353,05-39-0395-0353,ROLLOS DE ALAMBRE CON PÚAS GALVANIZADO,Materiales de Construcción,Nueva,167000,33400,33400,Aduana de San Antonio,Particular,2026-10-15 16:00,"Descripción:36 (treinta y seis) rollos de alambre con púas galvanizado triple - clase 3 con un largo de 500 mts. (quinientos), capa de zinc mínima > 240 g/m2, número de alambre 16, peso aproximado 22,5 kg, según descripción en cada rollo. Origen China, procedencia China. EN EL ESTADO Y CONDICIONES QUE SE PRESENTAN."
354,05-39-0396-0354,ROLLOS DE ALAMBRE CON PÚAS GALVANIZADO,Materiales de Construcción,Nueva,167000,33400,33400,Aduana de San Antonio,Particular,2026-10-15 16:00,"Descripción:36 (treinta y seis) rollos de alambre con púas galvanizado triple - clase 3 con un largo de 500 mts. (quinientos), capa de zinc mínima > 240 g/m2, número de alambre 16, peso aproximado 22,5 kg, según descripción en cada rollo. Origen China, procedencia China. EN EL ESTADO Y CONDICIONES QUE SE PRESENTAN."
355,05-39-0397-0355,ROLLOS DE ALAMBRE CON PÚAS GALVANIZADO,Materiales de Construcción,Nueva,167000,33400,33400,Aduana de San Antonio,Particular,2026-10-15 16:00,"Descripción:36 (treinta y seis) rollos de alambre con púas galvanizado triple - clase 3 con un largo de 500 mts. (quinientos), capa de zinc mínima > 240 g/m2, número de alambre 16 peso, aproximado 22,5 kg, según descripción en cada rollo. Origen China, procedencia China. EN EL ESTADO Y CONDICIONES QUE SE PRESENTAN."
356,05-39-0398-0356,ROLLOS DE ALAMBRE CON PÚAS GALVANIZADO,Materiales de Construcción,Nueva,167000,33400,33400,Aduana de San Antonio,Particular,2026-10-15 16:00,"Descripción:36 (treinta y seis) rollos de alambre con púas galvanizado triple - clase 3 con un largo de 500 mts. (quinientos), capa de zinc mínima > 240 g/m2, número de alambre 16, peso aproximado 22,5 kg, según descripción en cada rollo. Origen China, procedencia China. EN EL ESTADO Y CONDICIONES QUE SE PRESENTAN."
357,05-39-0399-0357,ROLLOS DE ALAMBRE CON PÚAS GALVANIZADO,Materiales de Construcción,Nueva,128000,25600,25600,Aduana de San Antonio,Particular,2026-10-15 16:00,"48 (cuarenta y ocho) rollos de alambre con púas galvanizado triple - clase 3 con un largo de 275 mts. (doscientos setenta y cinco), capa de zinc mínima > 240 g/m2, número de alambre 16, peso aproximado 12,4 kg, según descripción en cada rollo, origen China. EN EL ESTADO Y CONDICIONES QUE SE PRESENTAN."
358,05-39-0400-0358,ROLLOS DE ALAMBRE CON PÚAS GALVANIZADO,Materiales de Construcción,Nueva,128000,25600,25600,Aduana de San Antonio,Particular,2026-10-15 16:00,"48 (cuarenta y ocho) rollos de alambre con púas galvanizado triple - clase 3 con un largo de 275 mts. (doscientos setenta y cinco), capa de zinc mínima > 240 g/m2, número de alambre 16 , peso aproximado 12,4 kg, según descripción en cada rollo, origen China. EN EL ESTADO Y CONDICIONES QUE SE PRESENTAN."
359,05-39-0401-0359,ROLLOS DE ALAMBRE CON PÚAS GALVANIZADO,Materiales de Construcción,Nueva,128000,25600,25600,Aduana de San Antonio,Particular,2026-10-15 16:00,"48 (cuarenta y ocho) rollos de alambre con púas galvanizado triple - clase 3 con un largo de 275 mts. (doscientos setenta y cinco), capa de zinc mínima > 240 g/m2, número de alambre 16, peso aproximado 12,4 kg, según descripción en cada rollo, origen China. EN EL ESTADO Y CONDICIONES QUE SE PRESENTAN."
360,05-39-0402-0360,ROLLOS DE ALAMBRE CON PÚAS GALVANIZADO,Materiales de Construcción,Nueva,128000,25600,25600,Aduana de San Antonio,Particular,2026-10-15 16:00,"48 (cuarenta y ocho) rollos de alambre con púas galvanizado triple - clase 3 con un largo de 275 mts. (doscientos setenta y cinco), capa de zinc mínima > 240 g/m2, número de alambre 16, peso aproximado 12,4 kg, según descripción en cada rollo, origen China. EN EL ESTADO Y CONDICIONES QUE SE PRESENTAN."
361,05-39-0403-0361,ROLLOS DE ALAMBRE CON PÚAS GALVANIZADO,Materiales de Construcción,Nueva,128000,25600,25600,Aduana de San Antonio,Particular,2026-10-15 16:00,"48 (cuarenta y ocho) rollos de alambre con púas galvanizado triple - clase 3 con un largo de 275 mts. (doscientos setenta y cinco), capa de zinc mínima > 240 g/m2, número de alambre 16, peso aproximado 12,4 kg, según descripción en cada rollo, origen China. EN EL ESTADO Y CONDICIONES QUE SE PRESENTAN."
362,05-39-0404-0362,ROLLOS DE ALAMBRE CON PÚAS GALVANIZADO,Materiales de Construcción,Nueva,128000,25600,25600,Aduana de San Antonio,Particular,2026-10-15 16:00,"48 (cuarenta y ocho) rollos de alambre con púas galvanizado triple - clase 3 con un largo de 275 mts. (doscientos setenta y cinco), capa de zinc mínima > 240 g/m2, número de alambre 16 , peso aproximado 12,4 kg, según descripción en cada rollo, origen China. EN EL ESTADO Y CONDICIONES QUE SE PRESENTAN."
363,05-39-0405-0363,ROLLOS DE ALAMBRE CON PÚAS GALVANIZADO,Materiales de Construcción,Nueva,128000,25600,25600,Aduana de San Antonio,Particular,2026-10-15 16:00,"48 (cuarenta y ocho) rollos de alambre con púas galvanizado triple - clase 3 con un largo de 275 mts. (doscientos setenta y cinco), capa de zinc mínima > 240 g/m2, número de alambre 16, peso aproximado 12,4 kg, según descripción en cada rollo, origen China. EN EL ESTADO Y CONDICIONES QUE SE PRESENTAN."
364,05-39-0406-0364,ROLLOS DE ALAMBRE CON PÚAS GALVANIZADO,Materiales de Construcción,Nueva,128000,25600,25600,Aduana de San Antonio,Particular,2026-10-15 16:00,"48 (cuarenta y ocho) rollos de alambre con púas galvanizado triple - clase 3 con un largo de 275 mts. (doscientos setenta y cinco), capa de zinc mínima > 240 g/m2, número de alambre 16, peso aproximado 12,4 kg, según descripción en cada rollo, origen China. EN EL ESTADO Y CONDICIONES QUE SE PRESENTAN."
